Order_ID,Order_Date,Category,Marketplace,Product,Revenue,Units_Sold,Price_per_Unit
ORD1000,2025-04-14 23:13:34.642252,Electronics,Amazon,Product 1,413.37,2,206.69
ORD1001,2025-02-15 23:13:34.642297,Toys,eBay,Product 29,22.24,5,4.45
ORD1002,2025-03-14 23:13:34.642310,Clothing,Walmart,Product 43,471.6,6,78.6
ORD1003,2025-02-04 23:13:34.642322,Home Goods,eBay,Product 25,118.18,6,19.7
ORD1004,2025-02-07 23:13:34.642331,Sports,Amazon,Product 28,366.56,7,52.37
ORD1005,2025-04-21 23:13:34.642338,Sports,eBay,Product 12,460.02,5,92.0
ORD1006,2025-03-23 23:13:34.642345,Clothing,Amazon,Product 43,164.71,6,27.45
ORD1007,2025-03-14 23:13:34.642354,Electronics,Walmart,Product 73,454.92,2,227.46
ORD1008,2025-03-22 23:13:34.642367,Sports,Walmart,Product 42,108.22,5,21.64
ORD1009,2025-04-26 23:13:34.642378,Electronics,Walmart,Product 46,373.58,7,53.37
ORD1010,2025-02-27 23:13:34.642388,Toys,eBay,Product 37,389.58,7,55.65
ORD1011,2025-03-28 23:13:34.642395,Sports,Amazon,Product 61,188.17,5,37.63
ORD1012,2025-02-26 23:13:34.642401,Home Goods,Amazon,Product 86,306.28,7,43.75
ORD1013,2025-02-12 23:13:34.642407,Clothing,eBay,Product 59,234.48,1,234.48
ORD1014,2025-04-29 23:13:34.642413,Home Goods,eBay,Product 38,204.39,1,204.39
ORD1015,2025-04-06 23:13:34.642419,Toys,Amazon,Product 73,254.92,2,127.46
ORD1016,2025-03-21 23:13:34.642425,Sports,Amazon,Product 72,414.1,7,59.16
ORD1017,2025-03-07 23:13:34.642430,Toys,Walmart,Product 14,168.08,9,18.68
ORD1018,2025-04-21 23:13:34.642437,Electronics,Amazon,Product 64,186.94,8,23.37
ORD1019,2025-03-04 23:13:34.642443,Sports,Walmart,Product 61,15.43,5,3.09
ORD1020,2025-04-27 23:13:34.642449,Electronics,eBay,Product 46,378.83,10,37.88
ORD1021,2025-02-27 23:13:34.642455,Clothing,Amazon,Product 47,278.67,8,34.83
ORD1022,2025-05-03 23:13:34.642460,Home Goods,Walmart,Product 26,19.83,6,3.3
ORD1023,2025-04-13 23:13:34.642467,Home Goods,Amazon,Product 99,344.17,5,68.83
ORD1024,2025-03-17 23:13:34.642473,Home Goods,eBay,Product 92,268.27,8,33.53
ORD1025,2025-02-14 23:13:34.642479,Clothing,Walmart,Product 78,257.39,2,128.69
ORD1026,2025-03-15 23:13:34.642485,Toys,eBay,Product 77,135.33,1,135.33
ORD1027,2025-05-01 23:13:34.642490,Electronics,Walmart,Product 78,497.46,10,49.75
ORD1028,2025-04-10 23:13:34.642498,Electronics,eBay,Product 36,131.97,3,43.99
ORD1029,2025-03-18 23:13:34.642507,Sports,eBay,Product 22,491.48,2,245.74
ORD1030,2025-03-02 23:13:34.642516,Electronics,Amazon,Product 18,463.67,10,46.37
ORD1031,2025-02-23 23:13:34.642525,Toys,eBay,Product 4,123.51,9,13.72
ORD1032,2025-04-11 23:13:34.642549,Home Goods,eBay,Product 90,485.96,2,242.98
ORD1033,2025-03-11 23:13:34.642559,Electronics,Amazon,Product 87,72.83,3,24.28
ORD1034,2025-02-08 23:13:34.642570,Home Goods,eBay,Product 74,190.06,2,95.03
ORD1035,2025-04-10 23:13:34.642580,Electronics,Amazon,Product 30,465.23,10,46.52
ORD1036,2025-04-21 23:13:34.642589,Toys,Walmart,Product 71,280.45,8,35.06
ORD1037,2025-04-30 23:13:34.642599,Home Goods,eBay,Product 41,101.33,4,25.33
ORD1038,2025-04-19 23:13:34.642609,Sports,eBay,Product 60,282.04,3,94.01
ORD1039,2025-03-06 23:13:34.642620,Toys,Walmart,Product 72,52.27,10,5.23
ORD1040,2025-02-10 23:13:34.642629,Sports,Walmart,Product 9,471.12,10,47.11
ORD1041,2025-04-04 23:13:34.642639,Electronics,Walmart,Product 57,362.99,4,90.75
ORD1042,2025-02-14 23:13:34.642649,Toys,Walmart,Product 19,379.75,8,47.47
ORD1043,2025-05-01 23:13:34.642660,Toys,eBay,Product 71,92.07,2,46.03
ORD1044,2025-02-07 23:13:34.642671,Home Goods,eBay,Product 72,152.58,2,76.29
ORD1045,2025-04-06 23:13:34.642681,Electronics,eBay,Product 44,231.74,9,25.75
ORD1046,2025-03-26 23:13:34.642690,Sports,Amazon,Product 83,146.54,8,18.32
ORD1047,2025-04-25 23:13:34.642696,Electronics,eBay,Product 90,391.38,6,65.23
ORD1048,2025-04-25 23:13:34.642702,Electronics,Walmart,Product 51,369.93,8,46.24
ORD1049,2025-02-22 23:13:34.642708,Clothing,eBay,Product 2,420.49,6,70.08
ORD1050,2025-03-07 23:13:34.642715,Toys,eBay,Product 87,216.2,4,54.05
ORD1051,2025-03-30 23:13:34.642721,Toys,Amazon,Product 72,40.3,1,40.3
ORD1052,2025-04-05 23:13:34.642727,Electronics,eBay,Product 7,190.24,1,190.24
ORD1053,2025-04-09 23:13:34.642734,Toys,Amazon,Product 8,308.9,10,30.89
ORD1054,2025-03-12 23:13:34.642743,Home Goods,Walmart,Product 81,19.39,8,2.42
ORD1055,2025-03-04 23:13:34.642752,Clothing,Walmart,Product 62,262.08,1,262.08
ORD1056,2025-04-25 23:13:34.642761,Home Goods,Walmart,Product 33,308.77,8,38.6
ORD1057,2025-04-23 23:13:34.642772,Toys,Walmart,Product 100,399.48,9,44.39
ORD1058,2025-03-12 23:13:34.642781,Toys,Amazon,Product 20,62.24,3,20.75
ORD1059,2025-03-01 23:13:34.642790,Sports,eBay,Product 59,34.49,10,3.45
ORD1060,2025-02-12 23:13:34.642799,Toys,Amazon,Product 26,398.05,1,398.05
ORD1061,2025-03-28 23:13:34.642809,Clothing,Walmart,Product 74,475.72,10,47.57
ORD1062,2025-02-10 23:13:34.642819,Toys,Walmart,Product 2,176.12,6,29.35
ORD1063,2025-04-15 23:13:34.642828,Clothing,Amazon,Product 13,452.04,10,45.2
ORD1064,2025-04-25 23:13:34.642839,Home Goods,eBay,Product 27,228.7,3,76.23
ORD1065,2025-03-25 23:13:34.642847,Home Goods,Walmart,Product 5,237.87,3,79.29
ORD1066,2025-02-06 23:13:34.642855,Toys,eBay,Product 1,103.16,1,103.16
ORD1067,2025-04-27 23:13:34.642860,Clothing,eBay,Product 35,108.98,6,18.16
ORD1068,2025-02-11 23:13:34.642866,Sports,eBay,Product 92,271.64,8,33.95
ORD1069,2025-04-15 23:13:34.642873,Toys,eBay,Product 32,391.86,8,48.98
ORD1070,2025-03-28 23:13:34.642879,Home Goods,Walmart,Product 70,240.51,10,24.05
ORD1071,2025-03-10 23:13:34.642884,Toys,Walmart,Product 32,399.36,8,49.92
ORD1072,2025-02-13 23:13:34.642890,Sports,eBay,Product 70,129.56,6,21.59
ORD1073,2025-04-23 23:13:34.642896,Toys,Walmart,Product 29,477.93,7,68.28
ORD1074,2025-02-11 23:13:34.642901,Clothing,Walmart,Product 89,158.3,1,158.3
ORD1075,2025-04-09 23:13:34.642907,Home Goods,eBay,Product 91,114.97,5,22.99
ORD1076,2025-04-12 23:13:34.642913,Electronics,Amazon,Product 40,221.8,4,55.45
ORD1077,2025-05-03 23:13:34.642920,Sports,eBay,Product 100,111.88,2,55.94
ORD1078,2025-04-28 23:13:34.642925,Sports,Walmart,Product 56,234.82,2,117.41
ORD1079,2025-04-21 23:13:34.642931,Clothing,Amazon,Product 66,286.86,5,57.37
ORD1080,2025-02-12 23:13:34.642937,Home Goods,eBay,Product 64,362.33,7,51.76
ORD1081,2025-02-27 23:13:34.642942,Clothing,Walmart,Product 31,128.3,8,16.04
ORD1082,2025-02-24 23:13:34.642949,Sports,eBay,Product 15,415.46,9,46.16
ORD1083,2025-04-12 23:13:34.642954,Toys,Amazon,Product 86,493.72,1,493.72
ORD1084,2025-02-16 23:13:34.642960,Toys,Amazon,Product 39,92.3,9,10.26
ORD1085,2025-02-16 23:13:34.642967,Clothing,Amazon,Product 53,421.6,8,52.7
ORD1086,2025-02-25 23:13:34.642976,Sports,Walmart,Product 42,138.5,5,27.7
ORD1087,2025-03-09 23:13:34.642985,Toys,Walmart,Product 43,338.19,5,67.64
ORD1088,2025-03-12 23:13:34.642994,Clothing,Amazon,Product 23,14.3,1,14.3
ORD1089,2025-03-05 23:13:34.643004,Electronics,Walmart,Product 47,465.25,10,46.52
ORD1090,2025-02-17 23:13:34.643011,Electronics,eBay,Product 7,446.74,8,55.84
ORD1091,2025-03-15 23:13:34.643017,Toys,Walmart,Product 66,93.64,6,15.61
ORD1092,2025-04-30 23:13:34.643023,Toys,eBay,Product 28,290.54,1,290.54
ORD1093,2025-04-06 23:13:34.643029,Electronics,Amazon,Product 90,38.03,5,7.61
ORD1094,2025-04-06 23:13:34.643035,Clothing,Walmart,Product 20,154.07,8,19.26
ORD1095,2025-03-26 23:13:34.643041,Toys,Walmart,Product 2,103.49,4,25.87
ORD1096,2025-02-06 23:13:34.643047,Home Goods,Amazon,Product 80,222.71,6,37.12
ORD1097,2025-04-27 23:13:34.643052,Toys,Amazon,Product 50,54.47,5,10.89
ORD1098,2025-04-17 23:13:34.643059,Electronics,eBay,Product 31,353.48,4,88.37
ORD1099,2025-04-22 23:13:34.643065,Home Goods,Walmart,Product 68,99.67,1,99.67
ORD1100,2025-04-21 23:13:34.643070,Electronics,Walmart,Product 89,47.81,5,9.56
ORD1101,2025-03-17 23:13:34.643076,Home Goods,Amazon,Product 92,421.2,8,52.65
ORD1102,2025-03-29 23:13:34.643082,Clothing,Amazon,Product 70,412.13,8,51.52
ORD1103,2025-04-23 23:13:34.643088,Home Goods,Amazon,Product 88,423.7,7,60.53
ORD1104,2025-03-17 23:13:34.643094,Electronics,Amazon,Product 47,26.94,8,3.37
ORD1105,2025-03-24 23:13:34.643099,Clothing,Walmart,Product 31,184.61,1,184.61
ORD1106,2025-05-01 23:13:34.643105,Sports,Amazon,Product 37,104.77,5,20.95
ORD1107,2025-03-30 23:13:34.643115,Electronics,eBay,Product 14,171.5,10,17.15
ORD1108,2025-03-22 23:13:34.643125,Toys,Amazon,Product 86,161.92,3,53.97
ORD1109,2025-04-09 23:13:34.643134,Home Goods,Walmart,Product 20,199.51,6,33.25
ORD1110,2025-04-01 23:13:34.643144,Toys,Amazon,Product 16,81.83,5,16.37
ORD1111,2025-03-26 23:13:34.643151,Electronics,Amazon,Product 5,104.84,9,11.65
ORD1112,2025-03-12 23:13:34.643157,Toys,Walmart,Product 13,323.8,8,40.48
ORD1113,2025-03-06 23:13:34.643163,Clothing,Amazon,Product 100,71.19,9,7.91
ORD1114,2025-02-26 23:13:34.643170,Home Goods,Amazon,Product 45,277.8,4,69.45
ORD1115,2025-03-06 23:13:34.643176,Toys,Walmart,Product 36,220.87,10,22.09
ORD1116,2025-02-12 23:13:34.643182,Home Goods,Walmart,Product 39,418.36,5,83.67
ORD1117,2025-03-27 23:13:34.643188,Toys,Amazon,Product 15,268.35,1,268.35
ORD1118,2025-03-10 23:13:34.643194,Electronics,eBay,Product 22,313.75,10,31.38
ORD1119,2025-02-07 23:13:34.643200,Electronics,Walmart,Product 83,446.26,5,89.25
ORD1120,2025-04-17 23:13:34.643205,Toys,eBay,Product 46,408.56,5,81.71
ORD1121,2025-02-15 23:13:34.643211,Sports,eBay,Product 2,295.9,7,42.27
ORD1122,2025-04-09 23:13:34.643217,Electronics,Amazon,Product 19,156.32,1,156.32
ORD1123,2025-03-17 23:13:34.643222,Home Goods,eBay,Product 31,48.85,1,48.85
ORD1124,2025-04-28 23:13:34.643229,Clothing,Walmart,Product 98,431.9,8,53.99
ORD1125,2025-04-05 23:13:34.643235,Electronics,Walmart,Product 47,133.55,4,33.39
ORD1126,2025-04-02 23:13:34.643241,Home Goods,eBay,Product 39,41.92,3,13.97
ORD1127,2025-04-07 23:13:34.643247,Home Goods,Walmart,Product 1,12.25,3,4.08
ORD1128,2025-02-05 23:13:34.643257,Electronics,eBay,Product 6,93.46,1,93.46
ORD1129,2025-04-30 23:13:34.643266,Sports,Amazon,Product 81,85.57,2,42.78
ORD1130,2025-02-24 23:13:34.643277,Home Goods,eBay,Product 63,105.95,10,10.6
ORD1131,2025-05-01 23:13:34.643287,Toys,Walmart,Product 91,77.02,1,77.02
ORD1132,2025-04-01 23:13:34.643298,Electronics,Amazon,Product 93,16.52,10,1.65
ORD1133,2025-04-06 23:13:34.643308,Electronics,Walmart,Product 71,462.72,3,154.24
ORD1134,2025-03-29 23:13:34.643318,Electronics,Walmart,Product 71,338.86,6,56.48
ORD1135,2025-04-24 23:13:34.643328,Toys,Amazon,Product 75,356.41,4,89.1
ORD1136,2025-03-10 23:13:34.643334,Electronics,Amazon,Product 3,13.09,5,2.62
ORD1137,2025-02-07 23:13:34.643339,Toys,Amazon,Product 21,294.41,6,49.07
ORD1138,2025-03-29 23:13:34.643346,Electronics,Amazon,Product 45,250.99,2,125.5
ORD1139,2025-04-19 23:13:34.643352,Clothing,Amazon,Product 14,481.89,7,68.84
ORD1140,2025-03-13 23:13:34.643357,Electronics,Amazon,Product 36,345.32,10,34.53
ORD1141,2025-03-03 23:13:34.643363,Clothing,Walmart,Product 27,310.49,7,44.36
ORD1142,2025-04-04 23:13:34.643369,Clothing,Walmart,Product 28,43.65,10,4.37
ORD1143,2025-04-21 23:13:34.643375,Electronics,eBay,Product 12,356.99,9,39.67
ORD1144,2025-03-10 23:13:34.643381,Clothing,Walmart,Product 1,124.5,2,62.25
ORD1145,2025-02-26 23:13:34.643386,Home Goods,Walmart,Product 60,481.5,9,53.5
ORD1146,2025-04-01 23:13:34.643394,Sports,eBay,Product 3,450.67,1,450.67
ORD1147,2025-02-23 23:13:34.643399,Sports,Walmart,Product 77,276.42,6,46.07
ORD1148,2025-04-30 23:13:34.643405,Clothing,Amazon,Product 2,153.86,2,76.93
ORD1149,2025-04-20 23:13:34.643411,Home Goods,Amazon,Product 78,438.54,8,54.82
ORD1150,2025-03-27 23:13:34.643417,Sports,Walmart,Product 8,411.83,3,137.28
ORD1151,2025-04-12 23:13:34.643424,Clothing,eBay,Product 71,214.06,7,30.58
ORD1152,2025-04-24 23:13:34.643431,Clothing,Amazon,Product 93,155.73,8,19.47
ORD1153,2025-03-21 23:13:34.643440,Sports,Amazon,Product 93,182.16,1,182.16
ORD1154,2025-02-11 23:13:34.643449,Clothing,Walmart,Product 21,446.11,7,63.73
ORD1155,2025-03-19 23:13:34.643458,Toys,Amazon,Product 69,370.63,10,37.06
ORD1156,2025-03-09 23:13:34.643468,Electronics,Amazon,Product 99,76.47,7,10.92
ORD1157,2025-04-27 23:13:34.643475,Clothing,Amazon,Product 63,165.46,3,55.15
ORD1158,2025-04-03 23:13:34.643481,Clothing,Walmart,Product 14,106.4,6,17.73
ORD1159,2025-03-05 23:13:34.643487,Toys,Amazon,Product 51,76.92,7,10.99
ORD1160,2025-04-23 23:13:34.643492,Home Goods,Amazon,Product 25,461.7,5,92.34
ORD1161,2025-04-11 23:13:34.643498,Sports,eBay,Product 52,495.03,1,495.03
ORD1162,2025-03-06 23:13:34.643505,Toys,Walmart,Product 51,289.96,1,289.96
ORD1163,2025-02-03 23:13:34.643510,Toys,Amazon,Product 80,114.26,3,38.09
ORD1164,2025-05-02 23:13:34.643516,Clothing,eBay,Product 44,402.77,5,80.55
ORD1165,2025-04-27 23:13:34.643522,Clothing,Amazon,Product 17,472.95,8,59.12
ORD1166,2025-04-06 23:13:34.643528,Clothing,Amazon,Product 13,109.83,1,109.83
ORD1167,2025-04-15 23:13:34.643534,Sports,eBay,Product 10,294.11,8,36.76
ORD1168,2025-02-06 23:13:34.643540,Clothing,Amazon,Product 2,341.17,5,68.23
ORD1169,2025-02-19 23:13:34.643546,Home Goods,eBay,Product 20,187.65,9,20.85
ORD1170,2025-04-29 23:13:34.643552,Sports,Amazon,Product 18,181.95,9,20.22
ORD1171,2025-04-27 23:13:34.643557,Electronics,Amazon,Product 75,244.48,6,40.75
ORD1172,2025-03-22 23:13:34.643563,Toys,eBay,Product 25,177.43,8,22.18
ORD1173,2025-03-30 23:13:34.643570,Home Goods,eBay,Product 47,268.97,8,33.62
ORD1174,2025-05-01 23:13:34.643576,Toys,eBay,Product 77,73.21,10,7.32
ORD1175,2025-02-12 23:13:34.643582,Electronics,eBay,Product 57,272.77,6,45.46
ORD1176,2025-03-21 23:13:34.643588,Toys,Walmart,Product 42,180.31,7,25.76
ORD1177,2025-04-29 23:13:34.643598,Clothing,Walmart,Product 59,202.59,4,50.65
ORD1178,2025-04-06 23:13:34.643608,Clothing,Amazon,Product 61,465.8,5,93.16
ORD1179,2025-04-06 23:13:34.643619,Electronics,Walmart,Product 28,366.98,4,91.75
ORD1180,2025-02-12 23:13:34.643628,Electronics,Walmart,Product 19,366.4,6,61.07
ORD1181,2025-05-02 23:13:34.643635,Sports,Amazon,Product 49,29.49,10,2.95
ORD1182,2025-02-06 23:13:34.643641,Electronics,eBay,Product 95,254.44,9,28.27
ORD1183,2025-04-18 23:13:34.643647,Sports,Amazon,Product 46,38.68,3,12.89
ORD1184,2025-04-10 23:13:34.643653,Toys,eBay,Product 85,367.76,1,367.76
ORD1185,2025-03-09 23:13:34.643658,Electronics,Amazon,Product 40,157.7,6,26.28
ORD1186,2025-04-29 23:13:34.643664,Home Goods,Walmart,Product 95,176.66,7,25.24
ORD1187,2025-03-08 23:13:34.643670,Clothing,eBay,Product 65,36.01,4,9.0
ORD1188,2025-04-07 23:13:34.643675,Toys,Amazon,Product 43,228.63,6,38.1
ORD1189,2025-03-14 23:13:34.643682,Home Goods,eBay,Product 31,324.99,4,81.25
ORD1190,2025-05-01 23:13:34.643688,Electronics,eBay,Product 13,57.79,9,6.42
ORD1191,2025-03-09 23:13:34.643693,Sports,Amazon,Product 69,131.04,6,21.84
ORD1192,2025-02-08 23:13:34.643699,Toys,Amazon,Product 35,481.27,1,481.27
ORD1193,2025-04-12 23:13:34.643705,Sports,eBay,Product 22,141.39,2,70.69
ORD1194,2025-04-28 23:13:34.643712,Clothing,Walmart,Product 97,391.93,6,65.32
ORD1195,2025-04-18 23:13:34.643718,Clothing,Walmart,Product 85,387.9,2,193.95
ORD1196,2025-02-17 23:13:34.643724,Sports,Amazon,Product 98,354.2,7,50.6
ORD1197,2025-02-12 23:13:34.643730,Toys,Amazon,Product 72,331.66,9,36.85
ORD1198,2025-02-19 23:13:34.643735,Clothing,eBay,Product 8,44.16,5,8.83
ORD1199,2025-03-13 23:13:34.643741,Toys,Amazon,Product 18,314.88,5,62.98
ORD1200,2025-04-02 23:13:34.643747,Clothing,Walmart,Product 92,98.12,9,10.9
ORD1201,2025-02-05 23:13:34.643753,Home Goods,Amazon,Product 14,96.01,9,10.67
ORD1202,2025-02-13 23:13:34.643759,Electronics,Walmart,Product 64,265.79,3,88.6
ORD1203,2025-04-09 23:13:34.643765,Clothing,eBay,Product 77,108.84,4,27.21
ORD1204,2025-03-09 23:13:34.643771,Electronics,eBay,Product 13,401.79,2,200.9
ORD1205,2025-04-13 23:13:34.643777,Electronics,Walmart,Product 68,100.97,4,25.24
ORD1206,2025-03-30 23:13:34.643784,Home Goods,Walmart,Product 53,135.29,3,45.1
ORD1207,2025-02-11 23:13:34.643790,Toys,Walmart,Product 10,85.51,9,9.5
ORD1208,2025-02-24 23:13:34.643796,Clothing,eBay,Product 15,210.78,9,23.42
ORD1209,2025-03-09 23:13:34.643801,Clothing,eBay,Product 59,444.76,5,88.95
ORD1210,2025-05-02 23:13:34.643807,Toys,Walmart,Product 90,114.97,6,19.16
ORD1211,2025-04-13 23:13:34.643813,Toys,eBay,Product 64,309.58,10,30.96
ORD1212,2025-03-12 23:13:34.643819,Electronics,Amazon,Product 52,310.78,6,51.8
ORD1213,2025-02-22 23:13:34.643825,Electronics,Amazon,Product 3,280.89,5,56.18
ORD1214,2025-03-18 23:13:34.643832,Toys,eBay,Product 65,320.56,3,106.85
ORD1215,2025-04-07 23:13:34.643842,Sports,Walmart,Product 23,137.42,5,27.48
ORD1216,2025-03-11 23:13:34.643852,Sports,Amazon,Product 33,285.18,3,95.06
ORD1217,2025-02-25 23:13:34.643861,Sports,Walmart,Product 65,100.39,10,10.04
ORD1218,2025-02-22 23:13:34.643869,Home Goods,eBay,Product 17,152.95,9,16.99
ORD1219,2025-04-26 23:13:34.643878,Clothing,Walmart,Product 6,188.9,2,94.45
ORD1220,2025-04-22 23:13:34.643887,Toys,Walmart,Product 22,133.22,2,66.61
ORD1221,2025-03-27 23:13:34.643898,Home Goods,Amazon,Product 11,291.0,7,41.57
ORD1222,2025-04-11 23:13:34.643907,Toys,Walmart,Product 62,425.89,9,47.32
ORD1223,2025-02-12 23:13:34.643918,Clothing,Walmart,Product 2,331.82,5,66.36
ORD1224,2025-02-11 23:13:34.643929,Electronics,Walmart,Product 97,298.15,4,74.54
ORD1225,2025-02-04 23:13:34.643938,Sports,Amazon,Product 10,436.97,10,43.7
ORD1226,2025-03-01 23:13:34.643950,Electronics,Amazon,Product 61,306.16,5,61.23
ORD1227,2025-04-10 23:13:34.643960,Sports,Amazon,Product 49,226.2,5,45.24
ORD1228,2025-02-24 23:13:34.643969,Sports,eBay,Product 81,289.17,4,72.29
ORD1229,2025-02-14 23:13:34.643977,Sports,eBay,Product 84,46.74,9,5.19
ORD1230,2025-03-01 23:13:34.643987,Home Goods,Walmart,Product 96,211.04,10,21.1
ORD1231,2025-04-19 23:13:34.643996,Home Goods,eBay,Product 21,470.75,1,470.75
ORD1232,2025-03-26 23:13:34.644006,Electronics,eBay,Product 17,40.66,7,5.81
ORD1233,2025-04-23 23:13:34.644017,Clothing,Walmart,Product 58,324.25,10,32.42
ORD1234,2025-02-07 23:13:34.644028,Sports,Amazon,Product 46,139.4,2,69.7
ORD1235,2025-04-28 23:13:34.644038,Toys,Walmart,Product 81,169.11,7,24.16
ORD1236,2025-03-17 23:13:34.644048,Clothing,eBay,Product 53,176.51,7,25.22
ORD1237,2025-04-25 23:13:34.644058,Home Goods,eBay,Product 27,54.48,6,9.08
ORD1238,2025-02-18 23:13:34.644068,Sports,eBay,Product 14,85.48,10,8.55
ORD1239,2025-04-17 23:13:34.644078,Sports,Amazon,Product 36,39.73,7,5.68
ORD1240,2025-02-04 23:13:34.644088,Home Goods,eBay,Product 18,353.67,2,176.84
ORD1241,2025-04-08 23:13:34.644100,Electronics,Walmart,Product 46,310.25,2,155.12
ORD1242,2025-04-21 23:13:34.644112,Clothing,Walmart,Product 69,334.38,2,167.19
ORD1243,2025-03-24 23:13:34.644123,Toys,Walmart,Product 48,399.8,10,39.98
ORD1244,2025-04-16 23:13:34.644133,Electronics,Amazon,Product 62,493.05,7,70.44
ORD1245,2025-03-16 23:13:34.644146,Toys,eBay,Product 96,397.6,9,44.18
ORD1246,2025-03-02 23:13:34.644156,Sports,Amazon,Product 46,396.82,4,99.2
ORD1247,2025-02-03 23:13:34.644167,Electronics,Amazon,Product 9,339.73,1,339.73
ORD1248,2025-05-03 23:13:34.644177,Sports,Amazon,Product 17,356.94,8,44.62
ORD1249,2025-04-06 23:13:34.644187,Clothing,Walmart,Product 43,144.56,1,144.56
ORD1250,2025-02-09 23:13:34.644197,Electronics,Amazon,Product 50,296.39,2,148.19
ORD1251,2025-03-25 23:13:34.644209,Home Goods,Walmart,Product 72,266.2,7,38.03
ORD1252,2025-03-10 23:13:34.644219,Sports,Walmart,Product 95,235.46,10,23.55
ORD1253,2025-03-14 23:13:34.644229,Clothing,Amazon,Product 92,396.99,8,49.62
ORD1254,2025-04-18 23:13:34.644239,Sports,eBay,Product 81,233.31,8,29.16
ORD1255,2025-04-27 23:13:34.644248,Sports,eBay,Product 18,319.8,2,159.9
ORD1256,2025-03-27 23:13:34.644258,Toys,Amazon,Product 94,205.16,10,20.52
ORD1257,2025-03-04 23:13:34.644268,Home Goods,Amazon,Product 4,113.44,4,28.36
ORD1258,2025-03-12 23:13:34.644280,Toys,eBay,Product 77,410.25,7,58.61
ORD1259,2025-02-21 23:13:34.644290,Electronics,Walmart,Product 15,235.47,5,47.09
ORD1260,2025-03-11 23:13:34.644300,Toys,eBay,Product 37,232.79,3,77.6
ORD1261,2025-04-19 23:13:34.644310,Toys,eBay,Product 89,481.03,2,240.51
ORD1262,2025-02-16 23:13:34.644321,Clothing,Walmart,Product 69,221.99,2,111.0
ORD1263,2025-03-08 23:13:34.644332,Electronics,eBay,Product 90,364.29,5,72.86
ORD1264,2025-04-30 23:13:34.644342,Sports,Walmart,Product 75,116.62,1,116.62
ORD1265,2025-03-24 23:13:34.644352,Home Goods,Walmart,Product 10,435.65,3,145.22
ORD1266,2025-04-13 23:13:34.644362,Home Goods,Amazon,Product 2,425.11,4,106.28
ORD1267,2025-03-14 23:13:34.644373,Clothing,eBay,Product 98,380.39,4,95.1
ORD1268,2025-03-13 23:13:34.644383,Electronics,Amazon,Product 35,326.11,6,54.35
ORD1269,2025-02-05 23:13:34.644395,Clothing,Walmart,Product 12,98.86,7,14.12
ORD1270,2025-02-05 23:13:34.644405,Sports,eBay,Product 4,179.03,2,89.52
ORD1271,2025-03-08 23:13:34.644415,Toys,Walmart,Product 86,481.44,6,80.24
ORD1272,2025-03-28 23:13:34.644426,Electronics,Amazon,Product 11,364.25,8,45.53
ORD1273,2025-04-03 23:13:34.644438,Toys,eBay,Product 85,127.62,5,25.52
ORD1274,2025-05-02 23:13:34.644451,Sports,Amazon,Product 95,472.49,6,78.75
ORD1275,2025-02-05 23:13:34.644462,Clothing,Walmart,Product 36,407.25,6,67.88
ORD1276,2025-04-15 23:13:34.644474,Electronics,eBay,Product 32,165.56,2,82.78
ORD1277,2025-02-27 23:13:34.644484,Sports,Amazon,Product 2,456.43,6,76.07
ORD1278,2025-02-12 23:13:34.644494,Home Goods,Walmart,Product 28,349.31,1,349.31
ORD1279,2025-03-17 23:13:34.644504,Home Goods,Amazon,Product 44,458.76,4,114.69
ORD1280,2025-02-26 23:13:34.644514,Electronics,Walmart,Product 44,144.77,8,18.1
ORD1281,2025-04-08 23:13:34.644524,Sports,Walmart,Product 19,383.16,7,54.74
ORD1282,2025-02-07 23:13:34.644534,Home Goods,eBay,Product 38,470.26,4,117.56
ORD1283,2025-04-26 23:13:34.644545,Clothing,eBay,Product 94,181.63,6,30.27
ORD1284,2025-03-09 23:13:34.644555,Electronics,Walmart,Product 12,273.07,9,30.34
ORD1285,2025-04-25 23:13:34.644565,Toys,Amazon,Product 83,445.06,7,63.58
ORD1286,2025-04-29 23:13:34.644574,Home Goods,Amazon,Product 2,151.79,3,50.6
ORD1287,2025-02-07 23:13:34.644583,Toys,Amazon,Product 95,414.47,6,69.08
ORD1288,2025-02-21 23:13:34.644593,Clothing,eBay,Product 25,203.44,3,67.81
ORD1289,2025-04-01 23:13:34.644602,Electronics,eBay,Product 11,249.54,1,249.54
ORD1290,2025-03-28 23:13:34.644613,Home Goods,Amazon,Product 47,427.78,1,427.78
ORD1291,2025-02-07 23:13:34.644624,Sports,eBay,Product 95,159.81,9,17.76
ORD1292,2025-03-24 23:13:34.644634,Toys,eBay,Product 77,275.78,1,275.78
ORD1293,2025-03-08 23:13:34.644644,Electronics,eBay,Product 71,317.39,10,31.74
ORD1294,2025-04-30 23:13:34.644655,Clothing,Walmart,Product 45,451.34,3,150.45
ORD1295,2025-04-16 23:13:34.644666,Electronics,Amazon,Product 4,280.13,9,31.13
ORD1296,2025-02-17 23:13:34.644675,Toys,eBay,Product 2,407.05,2,203.53
ORD1297,2025-03-03 23:13:34.644685,Clothing,Walmart,Product 23,201.61,3,67.2
ORD1298,2025-05-03 23:13:34.644694,Toys,Amazon,Product 34,216.38,3,72.13
ORD1299,2025-03-10 23:13:34.644705,Sports,Amazon,Product 71,100.05,5,20.01
ORD1300,2025-04-16 23:13:34.644716,Clothing,Walmart,Product 20,311.78,6,51.96
ORD1301,2025-02-04 23:13:34.644725,Home Goods,Walmart,Product 73,158.91,10,15.89
ORD1302,2025-04-19 23:13:34.644734,Electronics,eBay,Product 12,412.43,3,137.48
ORD1303,2025-02-08 23:13:34.644744,Clothing,Amazon,Product 4,173.05,3,57.68
ORD1304,2025-04-04 23:13:34.644755,Clothing,Amazon,Product 25,29.48,5,5.9
ORD1305,2025-04-12 23:13:34.644765,Home Goods,Walmart,Product 60,431.52,3,143.84
ORD1306,2025-05-01 23:13:34.644778,Sports,Walmart,Product 45,259.93,1,259.93
ORD1307,2025-02-18 23:13:34.644790,Toys,Walmart,Product 12,428.94,9,47.66
ORD1308,2025-04-01 23:13:34.644801,Toys,Amazon,Product 75,126.36,1,126.36
ORD1309,2025-02-04 23:13:34.644813,Toys,Walmart,Product 42,296.98,6,49.5
ORD1310,2025-02-06 23:13:34.644823,Clothing,Amazon,Product 99,357.15,5,71.43
ORD1311,2025-02-17 23:13:34.644834,Electronics,Walmart,Product 86,112.67,4,28.17
ORD1312,2025-03-26 23:13:34.644844,Clothing,eBay,Product 78,92.01,9,10.22
ORD1313,2025-02-26 23:13:34.644852,Toys,Amazon,Product 74,111.95,8,13.99
ORD1314,2025-04-27 23:13:34.644860,Electronics,eBay,Product 8,79.9,9,8.88
ORD1315,2025-03-10 23:13:34.644870,Sports,Walmart,Product 86,426.55,5,85.31
ORD1316,2025-03-17 23:13:34.644881,Sports,Amazon,Product 2,360.55,1,360.55
ORD1317,2025-03-31 23:13:34.644892,Toys,Amazon,Product 55,199.73,2,99.86
ORD1318,2025-05-03 23:13:34.644902,Clothing,eBay,Product 98,230.0,8,28.75
ORD1319,2025-03-09 23:13:34.644911,Toys,eBay,Product 61,185.07,9,20.56
ORD1320,2025-04-21 23:13:34.644921,Toys,Amazon,Product 82,17.26,4,4.32
ORD1321,2025-04-09 23:13:34.644932,Electronics,eBay,Product 15,215.98,4,53.99
ORD1322,2025-04-07 23:13:34.644944,Sports,eBay,Product 35,223.17,7,31.88
ORD1323,2025-02-09 23:13:34.644953,Toys,Amazon,Product 75,24.99,2,12.49
ORD1324,2025-03-13 23:13:34.644964,Home Goods,eBay,Product 7,260.68,8,32.59
ORD1325,2025-02-28 23:13:34.644975,Sports,Walmart,Product 98,187.58,6,31.26
ORD1326,2025-03-31 23:13:34.644984,Electronics,Walmart,Product 90,225.1,3,75.03
ORD1327,2025-04-08 23:13:34.644994,Toys,eBay,Product 5,320.95,9,35.66
ORD1328,2025-04-12 23:13:34.645003,Home Goods,Walmart,Product 44,358.0,1,358.0
ORD1329,2025-04-03 23:13:34.645013,Clothing,Amazon,Product 29,179.4,9,19.93
ORD1330,2025-03-20 23:13:34.645022,Toys,eBay,Product 3,236.11,10,23.61
ORD1331,2025-03-14 23:13:34.645032,Home Goods,Amazon,Product 48,335.89,7,47.98
ORD1332,2025-02-18 23:13:34.645041,Home Goods,eBay,Product 42,258.34,9,28.7
ORD1333,2025-04-12 23:13:34.645051,Toys,eBay,Product 22,242.49,5,48.5
ORD1334,2025-04-10 23:13:34.645061,Clothing,eBay,Product 83,48.08,8,6.01
ORD1335,2025-03-27 23:13:34.645070,Electronics,Amazon,Product 52,486.41,5,97.28
ORD1336,2025-03-16 23:13:34.645080,Home Goods,eBay,Product 48,71.45,7,10.21
ORD1337,2025-04-09 23:13:34.645091,Electronics,Amazon,Product 42,280.21,9,31.13
ORD1338,2025-02-21 23:13:34.645103,Sports,eBay,Product 21,175.71,2,87.86
ORD1339,2025-02-14 23:13:34.645113,Clothing,Amazon,Product 12,139.79,1,139.79
ORD1340,2025-02-07 23:13:34.645124,Home Goods,eBay,Product 53,54.66,1,54.66
ORD1341,2025-04-18 23:13:34.645136,Sports,eBay,Product 70,374.97,1,374.97
ORD1342,2025-03-23 23:13:34.645146,Clothing,Amazon,Product 75,149.47,1,149.47
ORD1343,2025-03-10 23:13:34.645156,Home Goods,Walmart,Product 38,197.23,7,28.18
ORD1344,2025-02-13 23:13:34.645163,Home Goods,Amazon,Product 56,237.9,3,79.3
ORD1345,2025-02-28 23:13:34.645170,Home Goods,eBay,Product 33,314.46,10,31.45
ORD1346,2025-04-13 23:13:34.645175,Home Goods,Amazon,Product 97,342.87,8,42.86
ORD1347,2025-02-05 23:13:34.645182,Clothing,eBay,Product 46,295.87,6,49.31
ORD1348,2025-04-28 23:13:34.645187,Toys,Amazon,Product 22,151.16,6,25.19
ORD1349,2025-04-16 23:13:34.645193,Sports,eBay,Product 45,51.85,1,51.85
ORD1350,2025-03-03 23:13:34.645199,Electronics,eBay,Product 32,251.58,2,125.79
ORD1351,2025-04-10 23:13:34.645205,Toys,Walmart,Product 35,270.12,4,67.53
ORD1352,2025-02-16 23:13:34.645211,Clothing,eBay,Product 13,166.67,8,20.83
ORD1353,2025-02-10 23:13:34.645219,Electronics,eBay,Product 27,477.98,6,79.66
ORD1354,2025-04-29 23:13:34.645226,Electronics,Walmart,Product 69,287.91,5,57.58
ORD1355,2025-04-25 23:13:34.645231,Home Goods,Amazon,Product 66,161.24,9,17.92
ORD1356,2025-03-02 23:13:34.645237,Home Goods,eBay,Product 70,229.32,10,22.93
ORD1357,2025-04-12 23:13:34.645244,Sports,eBay,Product 71,34.13,2,17.07
ORD1358,2025-04-11 23:13:34.645250,Electronics,Walmart,Product 30,265.13,2,132.56
ORD1359,2025-04-24 23:13:34.645256,Sports,eBay,Product 67,430.5,7,61.5
ORD1360,2025-02-20 23:13:34.645262,Electronics,Amazon,Product 40,345.06,4,86.27
ORD1361,2025-04-21 23:13:34.645268,Clothing,Walmart,Product 83,343.85,1,343.85
ORD1362,2025-02-13 23:13:34.645274,Home Goods,Amazon,Product 43,313.35,3,104.45
ORD1363,2025-03-23 23:13:34.645279,Electronics,eBay,Product 22,284.86,1,284.86
ORD1364,2025-05-02 23:13:34.645286,Home Goods,eBay,Product 87,79.6,7,11.37
ORD1365,2025-04-14 23:13:34.645291,Sports,eBay,Product 22,450.93,4,112.73
ORD1366,2025-03-08 23:13:34.645297,Home Goods,Amazon,Product 94,78.96,10,7.9
ORD1367,2025-03-25 23:13:34.645303,Clothing,Walmart,Product 58,237.15,10,23.71
ORD1368,2025-02-26 23:13:34.645409,Electronics,eBay,Product 65,94.25,8,11.78
ORD1369,2025-02-03 23:13:34.645420,Clothing,eBay,Product 26,211.46,6,35.24
ORD1370,2025-03-25 23:13:34.645428,Home Goods,eBay,Product 49,435.63,2,217.81
ORD1371,2025-04-06 23:13:34.645435,Electronics,Amazon,Product 57,499.83,4,124.96
ORD1372,2025-03-09 23:13:34.645440,Toys,Amazon,Product 44,497.82,7,71.12
ORD1373,2025-03-28 23:13:34.645446,Sports,Walmart,Product 95,475.23,5,95.05
ORD1374,2025-04-13 23:13:34.645452,Clothing,Walmart,Product 64,455.85,1,455.85
ORD1375,2025-02-20 23:13:34.645458,Home Goods,eBay,Product 7,377.31,7,53.9
ORD1376,2025-03-12 23:13:34.645464,Home Goods,Walmart,Product 87,237.11,8,29.64
ORD1377,2025-03-01 23:13:34.645470,Home Goods,eBay,Product 8,255.24,8,31.91
ORD1378,2025-04-10 23:13:34.645476,Home Goods,Walmart,Product 43,376.71,6,62.78
ORD1379,2025-04-17 23:13:34.645482,Electronics,Amazon,Product 67,409.83,10,40.98
ORD1380,2025-03-04 23:13:34.645487,Home Goods,Amazon,Product 61,403.59,1,403.59
ORD1381,2025-02-08 23:13:34.645496,Clothing,Walmart,Product 98,438.66,5,87.73
ORD1382,2025-02-11 23:13:34.645505,Electronics,Walmart,Product 46,298.3,3,99.43
ORD1383,2025-03-02 23:13:34.645515,Sports,Walmart,Product 8,52.68,8,6.58
ORD1384,2025-03-05 23:13:34.645523,Clothing,eBay,Product 9,294.92,2,147.46
ORD1385,2025-04-09 23:13:34.645529,Sports,eBay,Product 70,294.42,5,58.88
ORD1386,2025-04-20 23:13:34.645562,Sports,eBay,Product 22,147.55,7,21.08
ORD1387,2025-02-17 23:13:34.645574,Electronics,Walmart,Product 49,222.3,5,44.46
ORD1388,2025-04-07 23:13:34.645582,Toys,Walmart,Product 86,199.25,1,199.25
ORD1389,2025-04-04 23:13:34.645588,Electronics,Amazon,Product 33,127.36,6,21.23
ORD1390,2025-02-17 23:13:34.645594,Toys,eBay,Product 31,10.18,8,1.27
ORD1391,2025-03-11 23:13:34.645600,Home Goods,Amazon,Product 75,190.9,8,23.86
ORD1392,2025-02-19 23:13:34.645605,Toys,eBay,Product 21,310.14,1,310.14
ORD1393,2025-04-10 23:13:34.645611,Clothing,eBay,Product 26,182.25,5,36.45
ORD1394,2025-02-25 23:13:34.645617,Toys,Walmart,Product 44,487.51,8,60.94
ORD1395,2025-04-15 23:13:34.645622,Toys,Amazon,Product 84,212.41,6,35.4
ORD1396,2025-03-21 23:13:34.645628,Clothing,eBay,Product 12,326.61,10,32.66
ORD1397,2025-03-24 23:13:34.645634,Clothing,eBay,Product 75,201.3,8,25.16
ORD1398,2025-04-28 23:13:34.645640,Sports,Amazon,Product 11,380.65,7,54.38
ORD1399,2025-03-31 23:13:34.645646,Electronics,eBay,Product 9,25.55,10,2.56
ORD1400,2025-03-03 23:13:34.645652,Electronics,eBay,Product 83,232.28,1,232.28
ORD1401,2025-04-09 23:13:34.645660,Home Goods,Walmart,Product 83,377.58,8,47.2
ORD1402,2025-03-15 23:13:34.645668,Electronics,Walmart,Product 53,253.01,6,42.17
ORD1403,2025-02-09 23:13:34.645673,Home Goods,Amazon,Product 66,27.4,5,5.48
ORD1404,2025-03-16 23:13:34.645679,Sports,Walmart,Product 75,188.54,2,94.27
ORD1405,2025-02-11 23:13:34.645685,Toys,Walmart,Product 27,167.87,9,18.65
ORD1406,2025-03-30 23:13:34.645690,Toys,Walmart,Product 48,493.82,6,82.3
ORD1407,2025-03-03 23:13:34.645698,Electronics,eBay,Product 57,472.81,3,157.6
ORD1408,2025-04-13 23:13:34.645704,Sports,eBay,Product 6,287.8,3,95.93
ORD1409,2025-04-03 23:13:34.645710,Electronics,Walmart,Product 61,437.19,2,218.59
ORD1410,2025-02-11 23:13:34.645716,Clothing,eBay,Product 90,225.62,2,112.81
ORD1411,2025-02-17 23:13:34.645721,Toys,eBay,Product 5,104.71,7,14.96
ORD1412,2025-02-18 23:13:34.645727,Electronics,Amazon,Product 18,435.86,6,72.64
ORD1413,2025-02-03 23:13:34.645733,Toys,eBay,Product 32,399.76,2,199.88
ORD1414,2025-03-22 23:13:34.645739,Electronics,Walmart,Product 93,152.63,4,38.16
ORD1415,2025-03-11 23:13:34.645745,Clothing,Walmart,Product 79,199.28,3,66.43
ORD1416,2025-02-05 23:13:34.645750,Home Goods,Amazon,Product 20,441.07,9,49.01
ORD1417,2025-02-11 23:13:34.645756,Home Goods,Walmart,Product 15,202.51,6,33.75
ORD1418,2025-04-02 23:13:34.645763,Sports,Walmart,Product 37,279.17,7,39.88
ORD1419,2025-04-05 23:13:34.645768,Electronics,eBay,Product 80,400.88,9,44.54
ORD1420,2025-03-25 23:13:34.645774,Clothing,Amazon,Product 46,387.76,7,55.39
ORD1421,2025-03-31 23:13:34.645780,Electronics,Amazon,Product 35,202.57,8,25.32
ORD1422,2025-04-14 23:13:34.645785,Home Goods,Walmart,Product 16,115.12,9,12.79
ORD1423,2025-03-14 23:13:34.645791,Electronics,eBay,Product 40,200.22,6,33.37
ORD1424,2025-03-27 23:13:34.645797,Home Goods,Walmart,Product 25,457.43,6,76.24
ORD1425,2025-04-06 23:13:34.645802,Electronics,Walmart,Product 79,358.09,9,39.79
ORD1426,2025-02-15 23:13:34.645808,Home Goods,Walmart,Product 3,207.03,2,103.52
ORD1427,2025-03-17 23:13:34.645814,Toys,eBay,Product 14,489.83,9,54.43
ORD1428,2025-03-28 23:13:34.645820,Toys,eBay,Product 15,271.53,9,30.17
ORD1429,2025-04-09 23:13:34.645826,Sports,Amazon,Product 65,43.13,5,8.63
ORD1430,2025-04-16 23:13:34.645832,Home Goods,eBay,Product 77,227.98,5,45.6
ORD1431,2025-03-19 23:13:34.645837,Home Goods,eBay,Product 61,447.85,1,447.85
ORD1432,2025-02-18 23:13:34.645843,Home Goods,Amazon,Product 4,281.08,10,28.11
ORD1433,2025-04-29 23:13:34.645849,Toys,Walmart,Product 44,415.27,2,207.63
ORD1434,2025-04-11 23:13:34.645856,Toys,eBay,Product 73,129.09,4,32.27
ORD1435,2025-02-20 23:13:34.645861,Sports,Walmart,Product 23,425.42,9,47.27
ORD1436,2025-04-02 23:13:34.645867,Clothing,Amazon,Product 82,309.59,3,103.2
ORD1437,2025-04-24 23:13:34.645873,Sports,Walmart,Product 12,242.37,4,60.59
ORD1438,2025-03-10 23:13:34.645878,Electronics,Walmart,Product 100,48.98,1,48.98
ORD1439,2025-03-31 23:13:34.645884,Toys,eBay,Product 41,431.38,5,86.28
ORD1440,2025-03-18 23:13:34.645889,Home Goods,Amazon,Product 13,171.07,9,19.01
ORD1441,2025-02-11 23:13:34.645895,Sports,Amazon,Product 35,92.37,2,46.19
ORD1442,2025-03-10 23:13:34.645901,Electronics,Amazon,Product 48,440.09,1,440.09
ORD1443,2025-03-02 23:13:34.645907,Toys,Amazon,Product 99,385.38,4,96.34
ORD1444,2025-04-06 23:13:34.645913,Toys,eBay,Product 52,369.62,9,41.07
ORD1445,2025-03-13 23:13:34.645919,Electronics,Amazon,Product 96,310.24,2,155.12
ORD1446,2025-04-04 23:13:34.645925,Electronics,eBay,Product 34,248.53,4,62.13
ORD1447,2025-05-03 23:13:34.645930,Sports,eBay,Product 55,11.35,10,1.14
ORD1448,2025-03-24 23:13:34.645936,Toys,Walmart,Product 59,348.31,5,69.66
ORD1449,2025-04-29 23:13:34.645942,Sports,Amazon,Product 29,369.62,7,52.8
ORD1450,2025-03-09 23:13:34.645948,Electronics,eBay,Product 3,170.85,5,34.17
ORD1451,2025-03-22 23:13:34.645955,Clothing,eBay,Product 17,479.47,10,47.95
ORD1452,2025-03-23 23:13:34.645961,Home Goods,Walmart,Product 99,403.24,2,201.62
ORD1453,2025-05-02 23:13:34.645966,Electronics,Walmart,Product 57,381.82,7,54.55
ORD1454,2025-05-01 23:13:34.645972,Clothing,Walmart,Product 66,349.08,9,38.79
ORD1455,2025-02-26 23:13:34.645980,Home Goods,Amazon,Product 10,425.69,1,425.69
ORD1456,2025-04-30 23:13:34.645990,Electronics,eBay,Product 71,25.6,8,3.2
ORD1457,2025-02-08 23:13:34.646001,Home Goods,eBay,Product 55,102.99,5,20.6
ORD1458,2025-02-11 23:13:34.646010,Clothing,Walmart,Product 28,139.66,4,34.91
ORD1459,2025-04-18 23:13:34.646017,Sports,Amazon,Product 100,243.5,4,60.88
ORD1460,2025-02-22 23:13:34.646023,Sports,eBay,Product 70,221.47,5,44.29
ORD1461,2025-03-25 23:13:34.646029,Sports,Walmart,Product 61,52.9,5,10.58
ORD1462,2025-05-01 23:13:34.646034,Electronics,Amazon,Product 45,80.7,1,80.7
ORD1463,2025-02-09 23:13:34.646040,Toys,Walmart,Product 76,230.87,6,38.48
ORD1464,2025-02-05 23:13:34.646046,Toys,Amazon,Product 43,308.36,3,102.79
ORD1465,2025-04-25 23:13:34.646052,Clothing,Amazon,Product 96,141.05,5,28.21
ORD1466,2025-02-16 23:13:34.646058,Home Goods,Amazon,Product 70,459.26,9,51.03
ORD1467,2025-03-14 23:13:34.646064,Toys,eBay,Product 22,358.27,7,51.18
ORD1468,2025-03-21 23:13:34.646070,Toys,Amazon,Product 66,405.84,10,40.58
ORD1469,2025-03-27 23:13:34.646079,Home Goods,Amazon,Product 44,415.68,7,59.38
ORD1470,2025-02-22 23:13:34.646088,Electronics,eBay,Product 36,89.65,6,14.94
ORD1471,2025-04-24 23:13:34.646097,Electronics,eBay,Product 15,147.42,5,29.48
ORD1472,2025-03-16 23:13:34.646107,Home Goods,Walmart,Product 1,354.99,7,50.71
ORD1473,2025-04-02 23:13:34.646114,Electronics,eBay,Product 2,277.77,7,39.68
ORD1474,2025-04-19 23:13:34.646124,Electronics,eBay,Product 88,204.58,8,25.57
ORD1475,2025-04-07 23:13:34.646133,Clothing,Amazon,Product 54,450.12,2,225.06
ORD1476,2025-04-04 23:13:34.646142,Home Goods,eBay,Product 17,415.86,2,207.93
ORD1477,2025-03-16 23:13:34.646148,Electronics,Walmart,Product 68,155.67,10,15.57
ORD1478,2025-03-17 23:13:34.646153,Toys,Walmart,Product 11,34.5,8,4.31
ORD1479,2025-04-16 23:13:34.646159,Sports,Walmart,Product 61,319.5,5,63.9
ORD1480,2025-02-28 23:13:34.646165,Toys,eBay,Product 45,46.31,4,11.58
ORD1481,2025-03-28 23:13:34.646171,Sports,Amazon,Product 17,403.61,7,57.66
ORD1482,2025-03-03 23:13:34.646179,Home Goods,Amazon,Product 17,71.49,6,11.91
ORD1483,2025-03-21 23:13:34.646188,Home Goods,eBay,Product 80,92.48,10,9.25
ORD1484,2025-04-20 23:13:34.646197,Sports,eBay,Product 40,237.25,7,33.89
ORD1485,2025-05-02 23:13:34.646206,Sports,Walmart,Product 60,348.27,2,174.13
ORD1486,2025-05-01 23:13:34.646212,Toys,Amazon,Product 52,233.57,10,23.36
ORD1487,2025-04-17 23:13:34.646218,Electronics,eBay,Product 39,398.44,4,99.61
ORD1488,2025-02-08 23:13:34.646227,Electronics,Amazon,Product 8,396.16,8,49.52
ORD1489,2025-03-30 23:13:34.646236,Toys,eBay,Product 48,63.49,3,21.16
ORD1490,2025-04-21 23:13:34.646245,Home Goods,eBay,Product 52,243.13,1,243.13
ORD1491,2025-05-03 23:13:34.646256,Sports,eBay,Product 31,421.07,10,42.11
ORD1492,2025-04-15 23:13:34.646262,Electronics,Walmart,Product 10,39.59,1,39.59
ORD1493,2025-02-20 23:13:34.646268,Home Goods,eBay,Product 4,27.76,8,3.47
ORD1494,2025-03-29 23:13:34.646276,Home Goods,Amazon,Product 22,331.67,10,33.17
ORD1495,2025-02-17 23:13:34.646286,Sports,Walmart,Product 4,473.63,7,67.66
ORD1496,2025-03-25 23:13:34.646295,Toys,eBay,Product 16,196.6,8,24.57
ORD1497,2025-03-19 23:13:34.646302,Home Goods,Amazon,Product 18,117.76,4,29.44
ORD1498,2025-03-25 23:13:34.646309,Sports,Walmart,Product 69,224.4,9,24.93
ORD1499,2025-03-30 23:13:34.646315,Home Goods,eBay,Product 19,211.51,7,30.22
ORD1500,2025-04-19 23:13:34.646321,Sports,eBay,Product 93,346.29,10,34.63
ORD1501,2025-04-19 23:13:34.646327,Home Goods,Walmart,Product 2,37.65,4,9.41
ORD1502,2025-03-18 23:13:34.646332,Home Goods,Amazon,Product 48,385.81,4,96.45
ORD1503,2025-02-28 23:13:34.646338,Home Goods,eBay,Product 48,156.23,5,31.25
ORD1504,2025-04-15 23:13:34.646344,Clothing,Amazon,Product 13,278.4,1,278.4
ORD1505,2025-02-13 23:13:34.646350,Toys,eBay,Product 50,165.56,5,33.11
ORD1506,2025-03-19 23:13:34.646356,Toys,Walmart,Product 78,276.19,1,276.19
ORD1507,2025-02-17 23:13:34.646362,Electronics,Walmart,Product 89,293.33,1,293.33
ORD1508,2025-04-12 23:13:34.646368,Home Goods,Walmart,Product 42,233.62,8,29.2
ORD1509,2025-03-11 23:13:34.646374,Home Goods,eBay,Product 9,171.48,7,24.5
ORD1510,2025-02-17 23:13:34.646380,Toys,Walmart,Product 56,61.18,4,15.29
ORD1511,2025-03-29 23:13:34.646387,Clothing,Amazon,Product 85,491.1,2,245.55
ORD1512,2025-03-11 23:13:34.646392,Home Goods,eBay,Product 34,66.18,7,9.45
ORD1513,2025-04-19 23:13:34.646398,Clothing,Amazon,Product 67,250.33,2,125.17
ORD1514,2025-02-26 23:13:34.646405,Home Goods,Amazon,Product 33,464.68,1,464.68
ORD1515,2025-02-18 23:13:34.646411,Sports,Walmart,Product 10,28.49,3,9.5
ORD1516,2025-03-06 23:13:34.646417,Clothing,eBay,Product 9,204.67,1,204.67
ORD1517,2025-05-01 23:13:34.646423,Electronics,eBay,Product 87,154.44,1,154.44
ORD1518,2025-02-07 23:13:34.646429,Home Goods,Amazon,Product 56,146.62,8,18.33
ORD1519,2025-03-15 23:13:34.646434,Clothing,Walmart,Product 84,439.07,8,54.88
ORD1520,2025-02-09 23:13:34.646440,Toys,Walmart,Product 11,40.17,8,5.02
ORD1521,2025-04-24 23:13:34.646448,Electronics,Amazon,Product 64,320.18,10,32.02
ORD1522,2025-04-10 23:13:34.646454,Toys,Amazon,Product 63,192.31,10,19.23
ORD1523,2025-03-28 23:13:34.646459,Sports,Walmart,Product 92,99.39,2,49.7
ORD1524,2025-04-22 23:13:34.646465,Sports,eBay,Product 82,488.47,4,122.12
ORD1525,2025-02-24 23:13:34.646472,Toys,eBay,Product 93,220.0,4,55.0
ORD1526,2025-02-18 23:13:34.646478,Clothing,eBay,Product 45,97.38,10,9.74
ORD1527,2025-04-05 23:13:34.646484,Clothing,Walmart,Product 58,115.45,8,14.43
ORD1528,2025-03-21 23:13:34.646490,Toys,Walmart,Product 58,224.04,5,44.81
ORD1529,2025-03-02 23:13:34.646495,Electronics,Amazon,Product 49,146.61,2,73.31
ORD1530,2025-02-07 23:13:34.646502,Clothing,eBay,Product 28,200.84,5,40.17
ORD1531,2025-03-30 23:13:34.646508,Home Goods,eBay,Product 30,378.15,3,126.05
ORD1532,2025-02-06 23:13:34.646513,Clothing,eBay,Product 16,307.8,6,51.3
ORD1533,2025-03-15 23:13:34.646519,Toys,Walmart,Product 75,325.04,4,81.26
ORD1534,2025-03-08 23:13:34.646525,Electronics,eBay,Product 71,44.69,7,6.38
ORD1535,2025-02-28 23:13:34.646530,Electronics,Walmart,Product 47,411.19,3,137.06
ORD1536,2025-02-26 23:13:34.646536,Clothing,Amazon,Product 72,489.74,3,163.25
ORD1537,2025-02-18 23:13:34.646542,Clothing,Amazon,Product 34,430.32,6,71.72
ORD1538,2025-03-16 23:13:34.646548,Home Goods,Walmart,Product 58,211.24,1,211.24
ORD1539,2025-04-05 23:13:34.646553,Toys,Amazon,Product 15,456.68,2,228.34
ORD1540,2025-04-11 23:13:34.646559,Toys,Amazon,Product 61,199.94,6,33.32
ORD1541,2025-03-27 23:13:34.646565,Home Goods,Walmart,Product 65,405.82,7,57.97
ORD1542,2025-04-08 23:13:34.646572,Electronics,Amazon,Product 80,414.45,6,69.08
ORD1543,2025-04-12 23:13:34.646578,Clothing,Amazon,Product 3,293.2,10,29.32
ORD1544,2025-04-18 23:13:34.646583,Electronics,Amazon,Product 37,48.81,10,4.88
ORD1545,2025-05-01 23:13:34.646589,Sports,Amazon,Product 62,327.25,7,46.75
ORD1546,2025-04-07 23:13:34.646600,Clothing,Amazon,Product 33,343.65,7,49.09
ORD1547,2025-02-10 23:13:34.646609,Home Goods,Walmart,Product 14,456.37,7,65.2
ORD1548,2025-03-13 23:13:34.646618,Sports,Amazon,Product 61,354.92,1,354.92
ORD1549,2025-04-28 23:13:34.646628,Clothing,eBay,Product 44,307.09,9,34.12
ORD1550,2025-04-28 23:13:34.646637,Clothing,Amazon,Product 88,254.69,5,50.94
ORD1551,2025-02-15 23:13:34.646647,Electronics,Walmart,Product 90,370.47,10,37.05
ORD1552,2025-03-12 23:13:34.646653,Home Goods,Amazon,Product 21,121.32,3,40.44
ORD1553,2025-03-27 23:13:34.646658,Toys,Amazon,Product 5,344.05,3,114.68
ORD1554,2025-04-17 23:13:34.646664,Toys,Amazon,Product 59,163.08,10,16.31
ORD1555,2025-03-27 23:13:34.646670,Clothing,Walmart,Product 88,190.76,9,21.2
ORD1556,2025-03-13 23:13:34.646676,Toys,eBay,Product 68,412.62,8,51.58
ORD1557,2025-02-13 23:13:34.646683,Clothing,Amazon,Product 29,450.8,3,150.27
ORD1558,2025-02-28 23:13:34.646689,Sports,Amazon,Product 48,349.16,3,116.39
ORD1559,2025-05-01 23:13:34.646695,Clothing,Amazon,Product 72,347.01,9,38.56
ORD1560,2025-03-12 23:13:34.646701,Toys,Walmart,Product 83,160.12,5,32.02
ORD1561,2025-03-08 23:13:34.646706,Sports,Walmart,Product 90,342.34,7,48.91
ORD1562,2025-03-26 23:13:34.646713,Sports,Walmart,Product 52,452.88,9,50.32
ORD1563,2025-02-17 23:13:34.646719,Electronics,Amazon,Product 53,393.98,3,131.33
ORD1564,2025-02-26 23:13:34.646725,Clothing,eBay,Product 18,104.56,7,14.94
ORD1565,2025-05-02 23:13:34.646731,Clothing,Amazon,Product 100,197.39,3,65.8
ORD1566,2025-02-08 23:13:34.646748,Home Goods,eBay,Product 40,435.89,8,54.49
ORD1567,2025-03-01 23:13:34.646754,Sports,eBay,Product 95,197.86,7,28.27
ORD1568,2025-03-03 23:13:34.646760,Sports,Amazon,Product 5,211.4,1,211.4
ORD1569,2025-05-03 23:13:34.646766,Sports,eBay,Product 99,185.28,3,61.76
ORD1570,2025-04-01 23:13:34.646772,Clothing,Walmart,Product 49,499.1,2,249.55
ORD1571,2025-05-01 23:13:34.646777,Toys,Amazon,Product 7,237.51,2,118.75
ORD1572,2025-02-07 23:13:34.646784,Toys,eBay,Product 2,25.06,8,3.13
ORD1573,2025-04-23 23:13:34.646790,Electronics,Walmart,Product 99,224.65,7,32.09
ORD1574,2025-03-06 23:13:34.646796,Toys,Walmart,Product 12,60.14,9,6.68
ORD1575,2025-03-29 23:13:34.646801,Clothing,eBay,Product 41,342.91,3,114.3
ORD1576,2025-04-10 23:13:34.646807,Clothing,Walmart,Product 6,434.22,10,43.42
ORD1577,2025-03-18 23:13:34.646816,Home Goods,Walmart,Product 14,416.05,10,41.61
ORD1578,2025-02-03 23:13:34.646827,Sports,eBay,Product 19,242.86,2,121.43
ORD1579,2025-02-28 23:13:34.646837,Sports,Amazon,Product 88,413.87,3,137.96
ORD1580,2025-04-05 23:13:34.646847,Sports,Walmart,Product 80,353.88,3,117.96
ORD1581,2025-04-08 23:13:34.646855,Sports,Walmart,Product 10,217.75,9,24.19
ORD1582,2025-04-27 23:13:34.646861,Toys,Walmart,Product 27,466.59,9,51.84
ORD1583,2025-02-25 23:13:34.646867,Electronics,Walmart,Product 60,34.79,2,17.39
ORD1584,2025-02-19 23:13:34.646873,Home Goods,Amazon,Product 96,41.69,2,20.84
ORD1585,2025-04-04 23:13:34.646879,Home Goods,Amazon,Product 34,223.82,4,55.95
ORD1586,2025-04-22 23:13:34.646885,Home Goods,eBay,Product 86,10.43,7,1.49
ORD1587,2025-04-30 23:13:34.646895,Home Goods,Walmart,Product 23,85.34,2,42.67
ORD1588,2025-04-15 23:13:34.646903,Electronics,Amazon,Product 6,195.86,9,21.76
ORD1589,2025-03-12 23:13:34.646912,Electronics,Amazon,Product 80,186.21,8,23.28
ORD1590,2025-03-02 23:13:34.646922,Electronics,eBay,Product 36,352.42,1,352.42
ORD1591,2025-02-18 23:13:34.646932,Toys,eBay,Product 89,131.08,5,26.22
ORD1592,2025-02-03 23:13:34.646943,Electronics,Walmart,Product 99,74.64,3,24.88
ORD1593,2025-04-22 23:13:34.646956,Sports,Amazon,Product 75,266.83,9,29.65
ORD1594,2025-03-16 23:13:34.646964,Home Goods,Amazon,Product 99,482.74,6,80.46
ORD1595,2025-03-26 23:13:34.646970,Sports,Amazon,Product 33,178.15,4,44.54
ORD1596,2025-04-17 23:13:34.646976,Toys,Amazon,Product 61,307.84,6,51.31
ORD1597,2025-03-05 23:13:34.646981,Electronics,Amazon,Product 41,30.53,4,7.63
ORD1598,2025-03-25 23:13:34.646987,Toys,Walmart,Product 81,11.84,8,1.48
ORD1599,2025-03-07 23:13:34.646993,Electronics,Amazon,Product 31,195.68,9,21.74
ORD1600,2025-02-11 23:13:34.646999,Toys,Amazon,Product 32,272.88,7,38.98
ORD1601,2025-03-04 23:13:34.647005,Sports,eBay,Product 92,152.86,5,30.57
ORD1602,2025-04-15 23:13:34.647011,Sports,Amazon,Product 74,341.31,10,34.13
ORD1603,2025-04-24 23:13:34.647016,Home Goods,Walmart,Product 73,184.22,5,36.84
ORD1604,2025-04-20 23:13:34.647022,Toys,Amazon,Product 76,133.69,4,33.42
ORD1605,2025-02-14 23:13:34.647028,Clothing,Walmart,Product 53,243.75,7,34.82
ORD1606,2025-04-12 23:13:34.647034,Home Goods,Amazon,Product 79,193.21,5,38.64
ORD1607,2025-03-10 23:13:34.647041,Toys,Amazon,Product 41,183.47,7,26.21
ORD1608,2025-04-08 23:13:34.647047,Sports,eBay,Product 10,383.88,6,63.98
ORD1609,2025-02-14 23:13:34.647052,Home Goods,eBay,Product 34,324.81,1,324.81
ORD1610,2025-04-21 23:13:34.647059,Sports,eBay,Product 63,419.74,10,41.97
ORD1611,2025-03-07 23:13:34.647065,Electronics,Walmart,Product 63,395.01,6,65.83
ORD1612,2025-02-11 23:13:34.647071,Clothing,Amazon,Product 66,156.13,9,17.35
ORD1613,2025-03-29 23:13:34.647077,Clothing,Walmart,Product 32,263.01,1,263.01
ORD1614,2025-04-20 23:13:34.647083,Clothing,Walmart,Product 75,377.7,4,94.42
ORD1615,2025-02-17 23:13:34.647089,Sports,Walmart,Product 39,235.83,10,23.58
ORD1616,2025-03-06 23:13:34.647095,Sports,Walmart,Product 47,179.15,2,89.58
ORD1617,2025-04-02 23:13:34.647104,Toys,Amazon,Product 50,479.12,3,159.71
ORD1618,2025-03-26 23:13:34.647113,Home Goods,Walmart,Product 22,448.06,6,74.68
ORD1619,2025-03-20 23:13:34.647123,Home Goods,Amazon,Product 49,133.09,8,16.64
ORD1620,2025-03-06 23:13:34.647133,Home Goods,Amazon,Product 36,474.99,9,52.78
ORD1621,2025-02-17 23:13:34.647140,Home Goods,Walmart,Product 12,156.15,8,19.52
ORD1622,2025-02-15 23:13:34.647146,Home Goods,eBay,Product 73,293.42,3,97.81
ORD1623,2025-03-12 23:13:34.647155,Toys,Walmart,Product 48,390.18,7,55.74
ORD1624,2025-04-04 23:13:34.647165,Home Goods,Walmart,Product 55,339.59,7,48.51
ORD1625,2025-02-17 23:13:34.647175,Electronics,Walmart,Product 3,499.27,1,499.27
ORD1626,2025-02-14 23:13:34.647186,Electronics,Walmart,Product 1,264.09,1,264.09
ORD1627,2025-03-05 23:13:34.647193,Sports,Walmart,Product 81,86.97,3,28.99
ORD1628,2025-04-22 23:13:34.647200,Clothing,eBay,Product 98,290.49,1,290.49
ORD1629,2025-04-27 23:13:34.647210,Electronics,Walmart,Product 47,156.77,9,17.42
ORD1630,2025-02-12 23:13:34.647219,Clothing,eBay,Product 22,395.25,4,98.81
ORD1631,2025-04-28 23:13:34.647226,Home Goods,Amazon,Product 6,119.36,8,14.92
ORD1632,2025-03-10 23:13:34.647245,Sports,Amazon,Product 54,435.44,10,43.54
ORD1633,2025-04-11 23:13:34.647250,Electronics,eBay,Product 33,36.89,10,3.69
ORD1634,2025-03-15 23:13:34.647256,Clothing,eBay,Product 75,121.65,9,13.52
ORD1635,2025-04-08 23:13:34.647262,Clothing,Amazon,Product 95,372.75,1,372.75
ORD1636,2025-03-13 23:13:34.647268,Sports,Walmart,Product 76,338.22,2,169.11
ORD1637,2025-02-25 23:13:34.647274,Clothing,Amazon,Product 84,231.26,8,28.91
ORD1638,2025-02-16 23:13:34.647280,Clothing,Amazon,Product 52,225.47,3,75.16
ORD1639,2025-03-01 23:13:34.647286,Clothing,eBay,Product 33,103.5,4,25.88
ORD1640,2025-03-08 23:13:34.647292,Toys,Walmart,Product 75,414.12,7,59.16
ORD1641,2025-03-22 23:13:34.647299,Sports,Walmart,Product 92,206.16,7,29.45
ORD1642,2025-04-08 23:13:34.647312,Electronics,Amazon,Product 10,255.61,7,36.52
ORD1643,2025-03-30 23:13:34.647321,Home Goods,Amazon,Product 82,223.34,10,22.33
ORD1644,2025-02-25 23:13:34.647331,Toys,Amazon,Product 15,82.95,1,82.95
ORD1645,2025-02-10 23:13:34.647337,Electronics,eBay,Product 72,457.76,1,457.76
ORD1646,2025-02-09 23:13:34.647343,Toys,Walmart,Product 78,209.79,1,209.79
ORD1647,2025-03-31 23:13:34.647349,Sports,eBay,Product 59,20.8,10,2.08
ORD1648,2025-02-17 23:13:34.647355,Sports,eBay,Product 80,337.1,4,84.28
ORD1649,2025-02-14 23:13:34.647361,Toys,Amazon,Product 26,289.72,7,41.39
ORD1650,2025-04-01 23:13:34.647367,Clothing,Amazon,Product 12,325.61,5,65.12
ORD1651,2025-02-21 23:13:34.647373,Electronics,eBay,Product 56,474.69,8,59.34
ORD1652,2025-03-05 23:13:34.647378,Sports,Walmart,Product 59,384.76,10,38.48
ORD1653,2025-04-03 23:13:34.647385,Electronics,Amazon,Product 22,140.01,10,14.0
ORD1654,2025-03-31 23:13:34.647391,Sports,Walmart,Product 44,331.73,6,55.29
ORD1655,2025-04-21 23:13:34.647397,Electronics,Walmart,Product 62,324.92,3,108.31
ORD1656,2025-02-21 23:13:34.647402,Home Goods,Walmart,Product 26,316.07,9,35.12
ORD1657,2025-03-08 23:13:34.647409,Electronics,Walmart,Product 82,122.45,5,24.49
ORD1658,2025-03-06 23:13:34.647416,Toys,Walmart,Product 29,261.86,2,130.93
ORD1659,2025-03-23 23:13:34.647422,Home Goods,Walmart,Product 38,326.29,4,81.57
ORD1660,2025-05-01 23:13:34.647427,Sports,eBay,Product 56,208.35,2,104.17
ORD1661,2025-02-12 23:13:34.647437,Toys,Walmart,Product 53,394.79,4,98.7
ORD1662,2025-04-20 23:13:34.647445,Toys,Amazon,Product 28,42.14,8,5.27
ORD1663,2025-03-03 23:13:34.647455,Toys,eBay,Product 32,469.33,7,67.05
ORD1664,2025-04-13 23:13:34.647464,Toys,eBay,Product 65,77.6,7,11.09
ORD1665,2025-03-29 23:13:34.647470,Home Goods,eBay,Product 45,254.8,9,28.31
ORD1666,2025-03-18 23:13:34.647476,Electronics,Amazon,Product 67,179.12,4,44.78
ORD1667,2025-03-08 23:13:34.647481,Clothing,Walmart,Product 71,275.8,4,68.95
ORD1668,2025-03-24 23:13:34.647487,Clothing,Walmart,Product 43,166.81,9,18.53
ORD1669,2025-04-26 23:13:34.647493,Home Goods,Walmart,Product 5,145.74,10,14.57
ORD1670,2025-02-15 23:13:34.647499,Clothing,eBay,Product 88,417.66,9,46.41
ORD1671,2025-02-23 23:13:34.647504,Electronics,Walmart,Product 95,309.61,5,61.92
ORD1672,2025-03-01 23:13:34.647510,Clothing,eBay,Product 8,185.75,3,61.92
ORD1673,2025-03-29 23:13:34.647655,Sports,Walmart,Product 42,476.83,10,47.68
ORD1674,2025-04-23 23:13:34.647675,Electronics,eBay,Product 70,122.69,4,30.67
ORD1675,2025-04-02 23:13:34.647685,Clothing,eBay,Product 98,193.33,9,21.48
ORD1676,2025-03-25 23:13:34.647695,Clothing,eBay,Product 12,293.23,1,293.23
ORD1677,2025-04-28 23:13:34.647707,Toys,Walmart,Product 36,178.89,9,19.88
ORD1678,2025-02-15 23:13:34.647717,Electronics,eBay,Product 61,277.57,7,39.65
ORD1679,2025-02-10 23:13:34.647727,Sports,Walmart,Product 76,266.84,1,266.84
ORD1680,2025-03-19 23:13:34.647736,Electronics,eBay,Product 93,435.97,6,72.66
ORD1681,2025-04-13 23:13:34.647746,Sports,eBay,Product 46,409.4,10,40.94
ORD1682,2025-03-01 23:13:34.647756,Clothing,Walmart,Product 51,419.7,10,41.97
ORD1683,2025-03-22 23:13:34.647765,Clothing,eBay,Product 89,60.36,9,6.71
ORD1684,2025-04-11 23:13:34.647776,Clothing,Amazon,Product 35,453.39,9,50.38
ORD1685,2025-02-13 23:13:34.647786,Toys,Amazon,Product 30,183.14,3,61.05
ORD1686,2025-02-23 23:13:34.647795,Sports,Walmart,Product 52,463.38,7,66.2
ORD1687,2025-03-18 23:13:34.647805,Toys,eBay,Product 71,86.86,2,43.43
ORD1688,2025-02-14 23:13:34.647815,Clothing,eBay,Product 81,120.5,7,17.21
ORD1689,2025-04-10 23:13:34.647825,Electronics,Amazon,Product 30,191.24,7,27.32
ORD1690,2025-03-16 23:13:34.647837,Toys,Walmart,Product 100,254.54,6,42.42
ORD1691,2025-02-20 23:13:34.647847,Electronics,eBay,Product 27,358.1,7,51.16
ORD1692,2025-03-22 23:13:34.647857,Electronics,Amazon,Product 82,317.33,4,79.33
ORD1693,2025-04-25 23:13:34.647868,Clothing,Amazon,Product 20,459.95,5,91.99
ORD1694,2025-04-13 23:13:34.647878,Home Goods,Walmart,Product 83,184.8,10,18.48
ORD1695,2025-03-27 23:13:34.647889,Home Goods,eBay,Product 89,82.12,4,20.53
ORD1696,2025-03-15 23:13:34.647899,Sports,Walmart,Product 54,164.32,8,20.54
ORD1697,2025-04-23 23:13:34.647909,Electronics,eBay,Product 46,58.52,3,19.51
ORD1698,2025-02-24 23:13:34.647919,Electronics,Amazon,Product 73,475.3,5,95.06
ORD1699,2025-02-22 23:13:34.647929,Clothing,Amazon,Product 49,352.32,10,35.23
ORD1700,2025-04-25 23:13:34.647939,Electronics,eBay,Product 91,71.77,3,23.92
ORD1701,2025-04-29 23:13:34.647950,Electronics,Amazon,Product 20,206.26,1,206.26
ORD1702,2025-04-04 23:13:34.647960,Sports,eBay,Product 60,246.6,7,35.23
ORD1703,2025-03-16 23:13:34.647971,Toys,Walmart,Product 85,55.89,1,55.89
ORD1704,2025-03-21 23:13:34.647981,Home Goods,eBay,Product 5,176.51,9,19.61
ORD1705,2025-02-19 23:13:34.647991,Sports,Amazon,Product 56,363.77,9,40.42
ORD1706,2025-03-02 23:13:34.648004,Sports,Walmart,Product 14,159.69,9,17.74
ORD1707,2025-03-25 23:13:34.648015,Home Goods,Walmart,Product 70,219.33,1,219.33
ORD1708,2025-02-03 23:13:34.648026,Home Goods,Amazon,Product 37,352.11,5,70.42
ORD1709,2025-02-18 23:13:34.648036,Home Goods,Amazon,Product 77,335.04,1,335.04
ORD1710,2025-03-22 23:13:34.648046,Electronics,eBay,Product 48,179.5,4,44.88
ORD1711,2025-04-22 23:13:34.648058,Sports,Amazon,Product 21,39.78,9,4.42
ORD1712,2025-02-14 23:13:34.648069,Home Goods,eBay,Product 4,259.58,10,25.96
ORD1713,2025-03-14 23:13:34.648080,Clothing,eBay,Product 99,397.83,10,39.78
ORD1714,2025-03-13 23:13:34.648091,Electronics,Amazon,Product 49,488.6,9,54.29
ORD1715,2025-03-29 23:13:34.648101,Home Goods,eBay,Product 59,460.66,9,51.18
ORD1716,2025-02-27 23:13:34.648112,Home Goods,eBay,Product 74,157.33,2,78.67
ORD1717,2025-03-04 23:13:34.648144,Sports,Walmart,Product 89,496.71,8,62.09
ORD1718,2025-04-01 23:13:34.648155,Electronics,eBay,Product 39,319.0,6,53.17
ORD1719,2025-02-18 23:13:34.648167,Electronics,Walmart,Product 8,253.7,4,63.42
ORD1720,2025-03-24 23:13:34.648178,Clothing,Walmart,Product 1,188.16,6,31.36
ORD1721,2025-03-01 23:13:34.648188,Toys,eBay,Product 34,175.47,9,19.5
ORD1722,2025-04-21 23:13:34.648200,Sports,eBay,Product 26,455.77,10,45.58
ORD1723,2025-04-12 23:13:34.648210,Electronics,Walmart,Product 65,249.34,1,249.34
ORD1724,2025-02-28 23:13:34.648219,Toys,Walmart,Product 8,476.32,4,119.08
ORD1725,2025-02-24 23:13:34.648228,Toys,Amazon,Product 96,296.97,7,42.42
ORD1726,2025-02-05 23:13:34.648239,Clothing,Amazon,Product 41,83.19,10,8.32
ORD1727,2025-02-07 23:13:34.648248,Electronics,Amazon,Product 81,457.88,8,57.23
ORD1728,2025-03-21 23:13:34.648258,Toys,Amazon,Product 18,328.82,8,41.1
ORD1729,2025-02-26 23:13:34.648267,Home Goods,eBay,Product 59,203.59,1,203.59
ORD1730,2025-03-23 23:13:34.648276,Sports,eBay,Product 74,450.78,4,112.69
ORD1731,2025-02-08 23:13:34.648286,Sports,Amazon,Product 15,113.85,9,12.65
ORD1732,2025-02-22 23:13:34.648295,Sports,Amazon,Product 21,89.45,8,11.18
ORD1733,2025-03-31 23:13:34.648312,Electronics,eBay,Product 57,375.54,9,41.73
ORD1734,2025-02-09 23:13:34.648322,Sports,eBay,Product 4,120.45,9,13.38
ORD1735,2025-04-12 23:13:34.648331,Home Goods,eBay,Product 34,47.59,5,9.52
ORD1736,2025-03-03 23:13:34.648339,Toys,Walmart,Product 58,431.84,3,143.95
ORD1737,2025-02-23 23:13:34.648347,Sports,Walmart,Product 33,484.97,2,242.49
ORD1738,2025-02-12 23:13:34.648360,Toys,Amazon,Product 64,357.43,7,51.06
ORD1739,2025-02-27 23:13:34.648371,Clothing,Walmart,Product 40,457.64,2,228.82
ORD1740,2025-04-14 23:13:34.648380,Clothing,Amazon,Product 37,479.79,2,239.9
ORD1741,2025-03-24 23:13:34.648390,Home Goods,eBay,Product 89,294.45,2,147.22
ORD1742,2025-04-14 23:13:34.648399,Home Goods,Walmart,Product 49,167.38,6,27.9
ORD1743,2025-02-14 23:13:34.648408,Home Goods,eBay,Product 33,330.11,6,55.02
ORD1744,2025-04-19 23:13:34.648418,Sports,Amazon,Product 95,152.06,7,21.72
ORD1745,2025-04-18 23:13:34.648426,Clothing,Amazon,Product 36,464.91,6,77.48
ORD1746,2025-02-17 23:13:34.648436,Toys,Amazon,Product 25,14.91,5,2.98
ORD1747,2025-04-29 23:13:34.648446,Sports,Walmart,Product 81,311.02,1,311.02
ORD1748,2025-05-03 23:13:34.648457,Sports,eBay,Product 20,402.02,10,40.2
ORD1749,2025-04-22 23:13:34.648473,Home Goods,Amazon,Product 19,349.62,1,349.62
ORD1750,2025-02-06 23:13:34.648485,Sports,eBay,Product 44,147.89,9,16.43
ORD1751,2025-03-26 23:13:34.648496,Toys,eBay,Product 27,318.91,4,79.73
ORD1752,2025-02-16 23:13:34.648504,Toys,Amazon,Product 75,234.83,9,26.09
ORD1753,2025-02-25 23:13:34.648513,Toys,eBay,Product 64,11.05,9,1.23
ORD1754,2025-03-01 23:13:34.648524,Home Goods,Amazon,Product 71,492.96,5,98.59
ORD1755,2025-04-14 23:13:34.648533,Clothing,Amazon,Product 36,446.32,1,446.32
ORD1756,2025-03-11 23:13:34.648542,Clothing,Walmart,Product 31,233.53,1,233.53
ORD1757,2025-02-06 23:13:34.648552,Toys,Amazon,Product 43,296.92,2,148.46
ORD1758,2025-05-02 23:13:34.648563,Toys,Amazon,Product 1,352.85,2,176.43
ORD1759,2025-04-06 23:13:34.648574,Electronics,eBay,Product 46,273.23,7,39.03
ORD1760,2025-04-04 23:13:34.648585,Clothing,Amazon,Product 88,456.1,5,91.22
ORD1761,2025-04-30 23:13:34.648597,Sports,Amazon,Product 73,105.06,8,13.13
ORD1762,2025-03-26 23:13:34.648607,Toys,Walmart,Product 35,161.55,5,32.31
ORD1763,2025-04-03 23:13:34.648617,Sports,eBay,Product 30,151.88,1,151.88
ORD1764,2025-02-07 23:13:34.648627,Home Goods,Amazon,Product 30,290.23,1,290.23
ORD1765,2025-02-19 23:13:34.648644,Toys,eBay,Product 63,468.71,9,52.08
ORD1766,2025-04-23 23:13:34.648655,Home Goods,eBay,Product 66,348.1,9,38.68
ORD1767,2025-04-16 23:13:34.648666,Toys,eBay,Product 15,469.07,2,234.53
ORD1768,2025-04-03 23:13:34.648676,Home Goods,eBay,Product 38,189.68,4,47.42
ORD1769,2025-04-30 23:13:34.648685,Toys,eBay,Product 23,98.34,8,12.29
ORD1770,2025-04-19 23:13:34.648699,Sports,eBay,Product 91,183.64,1,183.64
ORD1771,2025-04-02 23:13:34.648706,Toys,Walmart,Product 69,312.33,6,52.05
ORD1772,2025-03-29 23:13:34.648712,Toys,eBay,Product 39,394.12,10,39.41
ORD1773,2025-02-19 23:13:34.648718,Clothing,Walmart,Product 50,106.16,3,35.39
ORD1774,2025-04-24 23:13:34.648724,Home Goods,Walmart,Product 21,168.56,5,33.71
ORD1775,2025-04-22 23:13:34.648730,Clothing,Walmart,Product 9,443.1,10,44.31
ORD1776,2025-04-05 23:13:34.648736,Clothing,eBay,Product 9,254.9,3,84.97
ORD1777,2025-03-30 23:13:34.648742,Sports,Amazon,Product 54,212.8,6,35.47
ORD1778,2025-03-30 23:13:34.648750,Electronics,Amazon,Product 71,156.29,6,26.05
ORD1779,2025-03-13 23:13:34.648759,Home Goods,Amazon,Product 30,449.63,8,56.2
ORD1780,2025-03-14 23:13:34.648769,Home Goods,eBay,Product 26,459.88,10,45.99
ORD1781,2025-02-10 23:13:34.648778,Electronics,eBay,Product 14,314.22,8,39.28
ORD1782,2025-02-07 23:13:34.648787,Clothing,eBay,Product 41,101.32,6,16.89
ORD1783,2025-02-20 23:13:34.648796,Home Goods,Amazon,Product 60,279.65,7,39.95
ORD1784,2025-03-22 23:13:34.648806,Clothing,eBay,Product 22,64.61,7,9.23
ORD1785,2025-03-16 23:13:34.648816,Home Goods,eBay,Product 73,291.41,1,291.41
ORD1786,2025-04-06 23:13:34.648823,Electronics,Amazon,Product 54,137.45,8,17.18
ORD1787,2025-03-31 23:13:34.648829,Home Goods,Amazon,Product 48,294.37,2,147.19
ORD1788,2025-04-22 23:13:34.648835,Electronics,eBay,Product 64,464.99,2,232.5
ORD1789,2025-03-01 23:13:34.648841,Home Goods,Walmart,Product 44,251.37,4,62.84
ORD1790,2025-03-03 23:13:34.648847,Clothing,Amazon,Product 6,53.61,8,6.7
ORD1791,2025-02-23 23:13:34.648853,Electronics,Walmart,Product 66,319.68,7,45.67
ORD1792,2025-05-02 23:13:34.648858,Clothing,Walmart,Product 85,375.64,9,41.74
ORD1793,2025-04-05 23:13:34.648864,Electronics,eBay,Product 79,122.77,1,122.77
ORD1794,2025-03-26 23:13:34.648870,Clothing,Walmart,Product 28,368.48,10,36.85
ORD1795,2025-04-23 23:13:34.648876,Toys,eBay,Product 17,109.97,5,21.99
ORD1796,2025-04-13 23:13:34.648881,Sports,Walmart,Product 2,271.93,5,54.39
ORD1797,2025-04-22 23:13:34.648888,Clothing,Walmart,Product 37,118.88,4,29.72
ORD1798,2025-03-22 23:13:34.648893,Toys,eBay,Product 21,23.77,7,3.4
ORD1799,2025-02-19 23:13:34.648899,Clothing,eBay,Product 34,362.24,6,60.37
ORD1800,2025-04-01 23:13:34.648905,Sports,eBay,Product 31,478.25,8,59.78
ORD1801,2025-02-13 23:13:34.648911,Clothing,eBay,Product 28,18.88,2,9.44
ORD1802,2025-03-01 23:13:34.648917,Home Goods,Walmart,Product 46,441.85,8,55.23
ORD1803,2025-03-25 23:13:34.648928,Clothing,Amazon,Product 15,97.0,1,97.0
ORD1804,2025-03-29 23:13:34.648934,Toys,eBay,Product 99,105.04,7,15.01
ORD1805,2025-02-12 23:13:34.648940,Home Goods,Walmart,Product 75,79.87,6,13.31
ORD1806,2025-03-29 23:13:34.648945,Sports,Amazon,Product 96,64.64,6,10.77
ORD1807,2025-04-07 23:13:34.648952,Electronics,Walmart,Product 17,491.3,10,49.13
ORD1808,2025-04-16 23:13:34.648958,Sports,Amazon,Product 2,457.95,4,114.49
ORD1809,2025-03-17 23:13:34.648964,Sports,eBay,Product 10,71.34,9,7.93
ORD1810,2025-03-20 23:13:34.648970,Electronics,Walmart,Product 18,162.75,6,27.12
ORD1811,2025-03-21 23:13:34.648976,Electronics,Amazon,Product 72,327.54,5,65.51
ORD1812,2025-03-29 23:13:34.648983,Sports,Walmart,Product 67,147.67,2,73.83
ORD1813,2025-03-04 23:13:34.648993,Sports,eBay,Product 62,192.67,6,32.11
ORD1814,2025-04-12 23:13:34.649004,Home Goods,Amazon,Product 35,70.45,2,35.23
ORD1815,2025-04-09 23:13:34.649014,Electronics,Amazon,Product 47,378.4,9,42.04
ORD1816,2025-02-27 23:13:34.649024,Sports,eBay,Product 62,276.68,10,27.67
ORD1817,2025-03-17 23:13:34.649035,Toys,eBay,Product 97,194.6,3,64.87
ORD1818,2025-03-13 23:13:34.649047,Electronics,eBay,Product 67,167.95,1,167.95
ORD1819,2025-03-11 23:13:34.649057,Sports,eBay,Product 28,296.96,7,42.42
ORD1820,2025-04-05 23:13:34.649067,Home Goods,Amazon,Product 100,309.89,6,51.65
ORD1821,2025-03-13 23:13:34.649076,Electronics,Amazon,Product 76,445.71,10,44.57
ORD1822,2025-04-08 23:13:34.649086,Toys,Amazon,Product 68,477.26,5,95.45
ORD1823,2025-04-25 23:13:34.649097,Sports,Amazon,Product 3,32.73,10,3.27
ORD1824,2025-04-30 23:13:34.649108,Clothing,eBay,Product 55,157.9,4,39.48
ORD1825,2025-04-07 23:13:34.649119,Electronics,Walmart,Product 82,241.61,10,24.16
ORD1826,2025-02-10 23:13:34.649129,Sports,Walmart,Product 34,76.2,10,7.62
ORD1827,2025-02-09 23:13:34.649139,Sports,eBay,Product 32,266.48,4,66.62
ORD1828,2025-02-28 23:13:34.649151,Sports,Amazon,Product 16,18.45,2,9.22
ORD1829,2025-02-03 23:13:34.649168,Electronics,Walmart,Product 41,175.95,8,21.99
ORD1830,2025-04-10 23:13:34.649178,Electronics,eBay,Product 99,249.48,6,41.58
ORD1831,2025-03-20 23:13:34.649189,Electronics,Walmart,Product 5,149.33,6,24.89
ORD1832,2025-03-25 23:13:34.649200,Home Goods,Walmart,Product 55,14.32,5,2.86
ORD1833,2025-03-03 23:13:34.649210,Clothing,eBay,Product 31,468.67,3,156.22
ORD1834,2025-03-29 23:13:34.649227,Clothing,eBay,Product 37,344.53,10,34.45
ORD1835,2025-04-11 23:13:34.649239,Electronics,eBay,Product 44,160.03,7,22.86
ORD1836,2025-03-22 23:13:34.649249,Clothing,Walmart,Product 87,459.5,4,114.88
ORD1837,2025-04-04 23:13:34.649260,Electronics,eBay,Product 71,241.42,10,24.14
ORD1838,2025-03-28 23:13:34.649273,Home Goods,Walmart,Product 81,125.54,5,25.11
ORD1839,2025-03-20 23:13:34.649284,Home Goods,eBay,Product 5,278.67,7,39.81
ORD1840,2025-04-04 23:13:34.649295,Home Goods,eBay,Product 54,21.65,7,3.09
ORD1841,2025-03-07 23:13:34.649320,Sports,eBay,Product 74,146.08,2,73.04
ORD1842,2025-04-12 23:13:34.649332,Clothing,Amazon,Product 64,415.48,5,83.1
ORD1843,2025-03-08 23:13:34.649342,Sports,Amazon,Product 93,102.21,8,12.78
ORD1844,2025-03-27 23:13:34.649351,Home Goods,Walmart,Product 68,374.92,6,62.49
ORD1845,2025-04-15 23:13:34.649368,Sports,Walmart,Product 14,466.59,4,116.65
ORD1846,2025-03-16 23:13:34.649377,Clothing,Walmart,Product 9,54.1,8,6.76
ORD1847,2025-04-17 23:13:34.649387,Sports,Walmart,Product 63,118.63,1,118.63
ORD1848,2025-02-08 23:13:34.649397,Clothing,eBay,Product 25,73.71,8,9.21
ORD1849,2025-03-02 23:13:34.649407,Home Goods,Amazon,Product 2,314.22,4,78.56
ORD1850,2025-04-06 23:13:34.649421,Sports,Walmart,Product 63,86.17,7,12.31
ORD1851,2025-02-17 23:13:34.649433,Electronics,Walmart,Product 70,320.26,2,160.13
ORD1852,2025-03-22 23:13:34.649443,Electronics,Walmart,Product 75,44.11,2,22.05
ORD1853,2025-04-24 23:13:34.649454,Sports,Amazon,Product 22,121.41,3,40.47
ORD1854,2025-03-23 23:13:34.649464,Toys,eBay,Product 22,317.09,2,158.54
ORD1855,2025-03-24 23:13:34.649475,Sports,Walmart,Product 4,419.87,7,59.98
ORD1856,2025-02-11 23:13:34.649486,Toys,Amazon,Product 38,413.21,5,82.64
ORD1857,2025-03-14 23:13:34.649507,Home Goods,Walmart,Product 93,148.35,5,29.67
ORD1858,2025-02-11 23:13:34.649518,Electronics,eBay,Product 25,446.82,5,89.36
ORD1859,2025-02-21 23:13:34.649528,Home Goods,Walmart,Product 33,77.52,9,8.61
ORD1860,2025-04-17 23:13:34.649538,Clothing,Walmart,Product 14,159.19,3,53.06
ORD1861,2025-03-07 23:13:34.649554,Toys,eBay,Product 12,286.88,6,47.81
ORD1862,2025-04-02 23:13:34.649564,Toys,Walmart,Product 65,22.69,3,7.56
ORD1863,2025-04-05 23:13:34.649575,Home Goods,Walmart,Product 91,432.72,10,43.27
ORD1864,2025-04-28 23:13:34.649586,Sports,Amazon,Product 53,371.45,6,61.91
ORD1865,2025-04-21 23:13:34.649596,Electronics,eBay,Product 65,263.53,10,26.35
ORD1866,2025-04-02 23:13:34.649607,Toys,Walmart,Product 91,449.31,9,49.92
ORD1867,2025-02-21 23:13:34.649618,Toys,eBay,Product 48,480.5,4,120.12
ORD1868,2025-02-21 23:13:34.649629,Sports,Amazon,Product 70,221.42,4,55.35
ORD1869,2025-02-14 23:13:34.649640,Sports,eBay,Product 59,478.31,7,68.33
ORD1870,2025-02-26 23:13:34.649650,Clothing,Walmart,Product 30,422.22,1,422.22
ORD1871,2025-02-10 23:13:34.649661,Home Goods,Walmart,Product 42,422.95,9,46.99
ORD1872,2025-02-21 23:13:34.649671,Sports,Walmart,Product 98,141.75,7,20.25
ORD1873,2025-03-18 23:13:34.649682,Home Goods,eBay,Product 34,172.75,10,17.27
ORD1874,2025-04-21 23:13:34.649693,Toys,Walmart,Product 9,458.03,8,57.25
ORD1875,2025-03-13 23:13:34.649705,Sports,Amazon,Product 15,407.87,9,45.32
ORD1876,2025-04-26 23:13:34.649717,Electronics,Walmart,Product 29,337.84,6,56.31
ORD1877,2025-02-17 23:13:34.649728,Toys,eBay,Product 5,490.81,10,49.08
ORD1878,2025-02-06 23:13:34.649738,Toys,Walmart,Product 89,71.49,7,10.21
ORD1879,2025-03-28 23:13:34.649748,Home Goods,eBay,Product 94,121.25,7,17.32
ORD1880,2025-05-03 23:13:34.649759,Clothing,eBay,Product 32,145.7,5,29.14
ORD1881,2025-04-18 23:13:34.649770,Sports,Amazon,Product 21,486.21,7,69.46
ORD1882,2025-03-28 23:13:34.649784,Electronics,Amazon,Product 36,107.42,7,15.35
ORD1883,2025-03-20 23:13:34.649794,Toys,Walmart,Product 29,246.1,9,27.34
ORD1884,2025-02-18 23:13:34.649805,Toys,Amazon,Product 63,168.71,8,21.09
ORD1885,2025-04-13 23:13:34.649816,Electronics,eBay,Product 10,272.5,9,30.28
ORD1886,2025-02-21 23:13:34.649826,Clothing,Amazon,Product 52,288.62,2,144.31
ORD1887,2025-04-22 23:13:34.649837,Home Goods,Amazon,Product 81,474.67,2,237.34
ORD1888,2025-02-18 23:13:34.649853,Electronics,Walmart,Product 7,118.75,6,19.79
ORD1889,2025-04-13 23:13:34.649862,Toys,Amazon,Product 98,80.06,2,40.03
ORD1890,2025-03-19 23:13:34.649873,Toys,Walmart,Product 8,287.01,2,143.5
ORD1891,2025-03-04 23:13:34.649884,Electronics,Amazon,Product 51,127.8,8,15.97
ORD1892,2025-03-21 23:13:34.649895,Clothing,Amazon,Product 24,479.29,2,239.65
ORD1893,2025-04-07 23:13:34.649907,Clothing,Amazon,Product 94,94.93,3,31.64
ORD1894,2025-03-05 23:13:34.649918,Toys,Amazon,Product 77,157.47,1,157.47
ORD1895,2025-03-17 23:13:34.649929,Clothing,eBay,Product 84,274.0,6,45.67
ORD1896,2025-03-13 23:13:34.649939,Home Goods,Walmart,Product 31,422.44,7,60.35
ORD1897,2025-03-09 23:13:34.649949,Clothing,Walmart,Product 87,479.3,5,95.86
ORD1898,2025-03-28 23:13:34.649961,Toys,Amazon,Product 49,439.17,1,439.17
ORD1899,2025-03-20 23:13:34.649972,Home Goods,Walmart,Product 4,92.46,7,13.21
ORD1900,2025-02-22 23:13:34.649983,Clothing,eBay,Product 87,146.58,4,36.65
ORD1901,2025-03-06 23:13:34.649994,Toys,Walmart,Product 43,104.24,3,34.75
ORD1902,2025-03-02 23:13:34.650004,Toys,Amazon,Product 28,352.53,4,88.13
ORD1903,2025-04-22 23:13:34.650015,Home Goods,Walmart,Product 12,211.81,2,105.91
ORD1904,2025-04-11 23:13:34.650026,Toys,Amazon,Product 57,188.69,1,188.69
ORD1905,2025-03-26 23:13:34.650037,Home Goods,Amazon,Product 83,321.89,7,45.98
ORD1906,2025-02-09 23:13:34.650047,Toys,eBay,Product 88,447.64,6,74.61
ORD1907,2025-04-05 23:13:34.650058,Home Goods,Walmart,Product 36,83.66,2,41.83
ORD1908,2025-02-10 23:13:34.650069,Sports,eBay,Product 63,330.8,3,110.27
ORD1909,2025-04-02 23:13:34.650079,Home Goods,Amazon,Product 80,63.09,9,7.01
ORD1910,2025-03-01 23:13:34.650090,Home Goods,Amazon,Product 12,436.1,10,43.61
ORD1911,2025-04-17 23:13:34.650100,Electronics,Walmart,Product 36,322.25,5,64.45
ORD1912,2025-03-21 23:13:34.650111,Electronics,Amazon,Product 46,375.25,7,53.61
ORD1913,2025-03-19 23:13:34.650121,Home Goods,Walmart,Product 39,453.8,9,50.42
ORD1914,2025-03-09 23:13:34.650136,Sports,eBay,Product 64,275.74,2,137.87
ORD1915,2025-03-03 23:13:34.650147,Clothing,Amazon,Product 32,369.47,1,369.47
ORD1916,2025-03-20 23:13:34.650158,Electronics,Amazon,Product 23,42.21,10,4.22
ORD1917,2025-03-26 23:13:34.650169,Electronics,Amazon,Product 5,105.04,8,13.13
ORD1918,2025-03-07 23:13:34.650179,Home Goods,Amazon,Product 80,296.63,1,296.63
ORD1919,2025-03-16 23:13:34.650190,Electronics,Amazon,Product 42,117.34,9,13.04
ORD1920,2025-04-08 23:13:34.650201,Sports,Walmart,Product 63,226.83,10,22.68
ORD1921,2025-04-10 23:13:34.650211,Home Goods,eBay,Product 91,350.76,6,58.46
ORD1922,2025-03-29 23:13:34.650222,Electronics,Walmart,Product 75,151.96,5,30.39
ORD1923,2025-02-11 23:13:34.650233,Electronics,Amazon,Product 90,186.24,5,37.25
ORD1924,2025-03-11 23:13:34.650243,Sports,Amazon,Product 73,155.64,3,51.88
ORD1925,2025-02-17 23:13:34.650263,Sports,eBay,Product 68,60.66,3,20.22
ORD1926,2025-04-05 23:13:34.650275,Clothing,Amazon,Product 38,206.42,10,20.64
ORD1927,2025-03-18 23:13:34.650285,Sports,Walmart,Product 43,70.05,4,17.51
ORD1928,2025-04-15 23:13:34.650296,Toys,eBay,Product 97,393.8,9,43.76
ORD1929,2025-04-19 23:13:34.650306,Home Goods,Amazon,Product 82,259.75,2,129.88
ORD1930,2025-03-17 23:13:34.650319,Toys,eBay,Product 78,93.48,4,23.37
ORD1931,2025-03-18 23:13:34.650330,Home Goods,eBay,Product 73,298.09,5,59.62
ORD1932,2025-03-22 23:13:34.650341,Sports,eBay,Product 85,388.77,5,77.75
ORD1933,2025-03-03 23:13:34.650351,Sports,Amazon,Product 52,394.35,8,49.29
ORD1934,2025-02-06 23:13:34.650362,Electronics,eBay,Product 82,113.07,10,11.31
ORD1935,2025-03-25 23:13:34.650373,Toys,Amazon,Product 45,48.87,9,5.43
ORD1936,2025-03-22 23:13:34.650384,Home Goods,eBay,Product 15,364.3,8,45.54
ORD1937,2025-03-18 23:13:34.650395,Toys,Walmart,Product 65,421.4,9,46.82
ORD1938,2025-02-19 23:13:34.650405,Toys,Amazon,Product 26,290.59,1,290.59
ORD1939,2025-03-12 23:13:34.650416,Home Goods,eBay,Product 42,357.71,9,39.75
ORD1940,2025-02-08 23:13:34.650427,Sports,Amazon,Product 39,203.93,3,67.98
ORD1941,2025-03-27 23:13:34.650446,Clothing,eBay,Product 17,369.01,1,369.01
ORD1942,2025-02-07 23:13:34.650457,Electronics,eBay,Product 52,417.27,5,83.45
ORD1943,2025-02-06 23:13:34.650467,Home Goods,Walmart,Product 75,286.69,2,143.34
ORD1944,2025-03-01 23:13:34.650478,Electronics,Walmart,Product 68,314.11,5,62.82
ORD1945,2025-02-03 23:13:34.650489,Clothing,Amazon,Product 13,222.13,5,44.43
ORD1946,2025-02-28 23:13:34.650502,Home Goods,Amazon,Product 78,45.45,1,45.45
ORD1947,2025-04-07 23:13:34.650514,Toys,eBay,Product 49,418.03,3,139.34
ORD1948,2025-04-11 23:13:34.650525,Home Goods,Amazon,Product 43,266.83,4,66.71
ORD1949,2025-04-02 23:13:34.650535,Sports,Amazon,Product 30,182.04,6,30.34
ORD1950,2025-02-23 23:13:34.650546,Home Goods,Walmart,Product 96,473.42,9,52.6
ORD1951,2025-03-27 23:13:34.650557,Electronics,Amazon,Product 92,361.82,6,60.3
ORD1952,2025-02-20 23:13:34.650568,Clothing,Walmart,Product 74,88.94,6,14.82
ORD1953,2025-04-18 23:13:34.650578,Home Goods,Amazon,Product 45,461.81,5,92.36
ORD1954,2025-04-24 23:13:34.650589,Clothing,Walmart,Product 37,430.5,3,143.5
ORD1955,2025-03-14 23:13:34.650600,Electronics,Walmart,Product 44,477.17,3,159.06
ORD1956,2025-03-16 23:13:34.650611,Clothing,eBay,Product 90,190.34,7,27.19
ORD1957,2025-02-04 23:13:34.650629,Electronics,Walmart,Product 47,497.44,1,497.44
ORD1958,2025-04-07 23:13:34.650640,Sports,Amazon,Product 73,76.08,1,76.08
ORD1959,2025-03-27 23:13:34.650651,Clothing,Amazon,Product 15,190.33,1,190.33
ORD1960,2025-04-08 23:13:34.650661,Home Goods,Amazon,Product 25,101.63,10,10.16
ORD1961,2025-03-30 23:13:34.650672,Sports,Walmart,Product 9,394.99,1,394.99
ORD1962,2025-03-05 23:13:34.650688,Toys,Amazon,Product 42,335.41,9,37.27
ORD1963,2025-02-19 23:13:34.650699,Home Goods,Walmart,Product 1,374.62,8,46.83
ORD1964,2025-03-24 23:13:34.650709,Electronics,eBay,Product 92,40.15,5,8.03
ORD1965,2025-02-13 23:13:34.650720,Toys,eBay,Product 61,146.38,3,48.79
ORD1966,2025-02-10 23:13:34.650730,Sports,Walmart,Product 32,274.16,9,30.46
ORD1967,2025-04-11 23:13:34.650741,Clothing,Amazon,Product 63,189.77,6,31.63
ORD1968,2025-03-04 23:13:34.650751,Clothing,Amazon,Product 1,136.9,6,22.82
ORD1969,2025-02-10 23:13:34.650761,Clothing,eBay,Product 99,342.81,7,48.97
ORD1970,2025-03-14 23:13:34.650772,Electronics,Amazon,Product 79,392.37,3,130.79
ORD1971,2025-03-31 23:13:34.650782,Home Goods,Walmart,Product 61,140.47,7,20.07
ORD1972,2025-02-26 23:13:34.650793,Sports,Amazon,Product 81,316.48,1,316.48
ORD1973,2025-02-09 23:13:34.650824,Home Goods,Amazon,Product 33,314.31,3,104.77
ORD1974,2025-03-24 23:13:34.650835,Sports,Amazon,Product 13,387.23,7,55.32
ORD1975,2025-04-27 23:13:34.650845,Home Goods,Walmart,Product 2,188.2,3,62.73
ORD1976,2025-02-20 23:13:34.650856,Toys,Walmart,Product 5,10.29,6,1.71
ORD1977,2025-04-13 23:13:34.650867,Electronics,Walmart,Product 69,329.75,9,36.64
ORD1978,2025-03-08 23:13:34.650880,Toys,eBay,Product 94,385.75,7,55.11
ORD1979,2025-04-23 23:13:34.650890,Sports,Amazon,Product 48,307.44,3,102.48
ORD1980,2025-04-13 23:13:34.650901,Toys,Amazon,Product 38,239.89,9,26.65
ORD1981,2025-04-14 23:13:34.650911,Home Goods,eBay,Product 21,97.97,3,32.66
ORD1982,2025-02-24 23:13:34.650922,Clothing,Walmart,Product 44,163.14,7,23.31
ORD1983,2025-04-08 23:13:34.650933,Clothing,Walmart,Product 63,191.48,3,63.83
ORD1984,2025-03-28 23:13:34.650943,Electronics,eBay,Product 23,443.76,7,63.39
ORD1985,2025-04-14 23:13:34.650954,Electronics,Amazon,Product 16,345.97,9,38.44
ORD1986,2025-03-23 23:13:34.650965,Home Goods,eBay,Product 57,481.38,6,80.23
ORD1987,2025-02-17 23:13:34.650976,Sports,Amazon,Product 9,82.91,7,11.84
ORD1988,2025-02-21 23:13:34.650987,Electronics,eBay,Product 71,319.55,1,319.55
ORD1989,2025-02-19 23:13:34.650997,Home Goods,Walmart,Product 56,10.6,8,1.32
ORD1990,2025-04-30 23:13:34.651008,Electronics,Amazon,Product 12,125.37,5,25.07
ORD1991,2025-05-03 23:13:34.651019,Sports,Walmart,Product 94,357.48,9,39.72
ORD1992,2025-03-13 23:13:34.651030,Sports,Amazon,Product 92,238.54,1,238.54
ORD1993,2025-03-24 23:13:34.651041,Electronics,Amazon,Product 69,55.44,9,6.16
ORD1994,2025-03-10 23:13:34.651053,Clothing,Amazon,Product 11,317.17,4,79.29
ORD1995,2025-02-14 23:13:34.651063,Toys,eBay,Product 11,416.32,3,138.77
ORD1996,2025-04-19 23:13:34.651073,Clothing,eBay,Product 88,121.37,5,24.27
ORD1997,2025-02-22 23:13:34.651084,Home Goods,eBay,Product 39,123.21,4,30.8
ORD1998,2025-02-05 23:13:34.651095,Toys,Amazon,Product 24,166.91,2,83.45
ORD1999,2025-03-31 23:13:34.651105,Sports,Amazon,Product 6,71.42,3,23.81
